Date,NUMBER DRAWN 1,NUMBER DRAWN 2,NUMBER DRAWN 3,NUMBER DRAWN 4,NUMBER DRAWN 5,NUMBER DRAWN 6,BONUS NUMBER
1982/6/12,3,11,12,14,41,43,13
1982/6/19,8,33,36,37,39,41,9
1982/6/26,1,6,23,24,27,39,34
1982/7/3,3,9,10,13,20,43,34
1982/7/10,5,14,21,31,34,47,45
1982/7/17,8,20,21,25,31,41,33
1982/7/24,18,25,28,33,36,42,7
1982/7/31,7,16,17,31,40,48,26
1982/8/7,5,10,23,27,37,38,33
1982/8/14,4,15,30,37,46,48,3
1982/8/21,7,9,21,33,38,42,45
1982/8/28,11,17,19,20,36,43,9
1982/9/4,7,14,17,20,37,47,34
1982/9/11,25,28,29,30,35,44,3
1982/9/18,8,18,36,39,41,47,31
1982/9/25,9,12,13,14,44,48,18
1982/10/2,4,14,18,40,43,44,5
1982/10/9,13,16,18,34,35,36,26
1982/10/16,11,23,25,28,29,36,27
1982/10/23,7,18,23,25,37,45,39
1982/10/30,11,18,19,31,37,45,41
1982/11/6,8,14,16,18,31,48,45
1982/11/13,4,11,23,24,25,45,41
1982/11/20,3,4,19,33,34,48,39
1982/11/27,5,17,21,28,30,43,36
1982/12/4,6,17,24,36,38,46,29
1982/12/11,4,9,10,11,43,46,3
1982/12/18,7,13,23,32,33,45,36
1982/12/25,11,18,22,28,35,37,42
1983/1/1,25,26,31,35,45,48,12
1983/1/8,11,19,25,31,32,36,44
1983/1/15,8,34,37,39,41,47,18
1983/1/22,5,10,30,35,36,45,13
1983/1/29,8,22,26,27,34,42,14
1983/2/5,3,5,6,33,38,39,8
1983/2/12,10,14,25,31,44,47,17
1983/2/19,11,13,15,16,24,31,9
1983/2/26,11,12,19,25,29,44,48
1983/3/5,2,7,21,22,30,33,3
1983/3/12,11,15,25,38,41,43,37
1983/3/19,2,10,11,31,43,49,29
1983/3/26,21,24,25,32,39,49,40
1983/4/2,4,10,23,38,41,46,43
1983/4/9,20,24,28,35,42,46,27
1983/4/16,1,3,19,31,32,47,37
1983/4/23,3,17,20,30,35,48,26
1983/4/30,18,26,29,35,36,49,25
1983/5/7,2,13,41,42,44,47,12
1983/5/14,7,10,11,16,28,40,6
1983/5/21,6,7,10,32,36,38,46
1983/5/28,2,29,31,40,45,48,41
1983/6/4,4,14,24,31,33,35,29
1983/6/11,7,19,26,28,45,49,34
1983/6/18,9,19,28,36,45,46,3
1983/6/25,4,11,14,20,26,30,39
1983/7/2,5,9,27,39,40,43,17
1983/7/9,16,19,22,29,44,48,31
1983/7/16,11,14,18,31,35,49,42
1983/7/23,22,23,25,26,35,41,39
1983/7/30,3,6,7,33,34,36,15
1983/8/6,9,11,27,28,37,46,29
1983/8/13,1,2,8,23,46,48,20
1983/8/20,9,12,20,21,37,43,49
1983/8/27,9,16,18,20,26,43,38
1983/9/3,1,6,13,15,22,27,10
1983/9/10,23,30,32,33,35,44,2
1983/9/17,9,21,22,29,48,49,28
1983/9/24,1,6,15,34,42,44,49
1983/10/1,1,15,20,22,24,49,40
1983/10/8,13,23,37,43,48,49,27
1983/10/15,2,3,23,26,27,40,4
1983/10/22,8,14,25,32,34,35,16
1983/10/29,1,5,7,8,11,13,3
1983/11/5,18,20,23,26,33,49,31
1983/11/12,1,2,7,13,22,31,5
1983/11/19,4,14,16,30,33,38,22
1983/11/26,3,12,16,21,33,49,44
1983/12/3,3,5,19,26,32,43,30
1983/12/10,1,14,22,25,40,42,19
1983/12/17,7,9,20,28,35,41,16
1983/12/24,1,2,13,21,42,48,7
1983/12/31,7,22,25,27,30,35,45
1984/1/7,1,7,14,31,41,43,12
1984/1/14,2,12,29,31,44,46,40
1984/1/21,1,5,14,24,25,38,27
1984/1/28,15,24,27,32,34,49,25
1984/2/4,20,26,28,30,45,48,25
1984/2/11,22,29,36,44,46,47,24
1984/2/18,4,12,16,31,44,48,41
1984/2/25,23,27,40,43,44,47,33
1984/3/3,13,26,27,38,46,47,6
1984/3/10,2,17,41,42,44,47,29
1984/3/17,6,26,28,36,37,48,23
1984/3/24,8,27,28,29,43,44,15
1984/3/31,12,19,22,23,29,36,25
1984/4/7,13,27,35,38,44,47,21
1984/4/14,3,12,31,33,45,49,6
1984/4/21,8,13,16,18,19,49,11
1984/4/28,16,24,25,28,32,44,2
1984/5/5,1,5,6,18,31,35,3
1984/5/12,6,16,19,20,25,43,40
1984/5/19,1,4,14,17,21,26,31
1984/5/26,1,3,40,43,45,46,7
1984/6/2,9,16,31,38,43,45,5
1984/6/9,6,17,29,32,39,40,47
1984/6/16,26,27,37,41,43,45,13
1984/6/23,7,16,28,34,45,47,23
1984/6/30,13,15,27,28,40,48,30
1984/7/7,6,11,20,23,25,35,37
1984/7/14,6,16,26,28,41,49,34
1984/7/21,2,7,34,36,37,40,15
1984/7/28,2,5,29,35,37,38,39
1984/8/4,1,10,18,27,35,38,30
1984/8/11,5,6,10,20,40,43,26
1984/8/18,12,13,15,35,38,39,4
1984/8/25,5,11,12,16,24,28,34
1984/9/1,3,24,27,33,41,44,4
1984/9/8,23,25,29,38,39,43,17
1984/9/15,7,8,10,15,31,37,43
1984/9/22,4,11,12,16,36,43,30
1984/9/29,21,22,29,36,38,41,20
1984/10/6,5,10,26,31,37,44,7
1984/10/13,3,14,24,31,35,46,17
1984/10/20,5,10,11,28,41,44,19
1984/10/27,1,16,25,36,39,42,5
1984/11/3,6,7,17,21,43,49,8
1984/11/10,20,22,27,34,44,48,41
1984/11/17,8,35,44,46,48,49,22
1984/11/24,5,30,34,36,43,49,17
1984/12/1,3,14,18,25,36,45,30
1984/12/8,7,13,24,31,39,40,8
1984/12/15,9,12,16,20,36,39,4
1984/12/22,6,18,21,31,35,48,9
1984/12/29,16,19,27,30,44,45,11
1985/1/5,7,17,18,24,29,48,34
1985/1/12,9,34,38,39,43,44,1
1985/1/19,7,24,35,37,45,47,23
1985/1/26,6,30,33,39,41,49,47
1985/2/2,5,18,22,23,25,26,2
1985/2/9,2,5,21,24,29,46,25
1985/2/16,3,7,15,24,38,41,29
1985/2/23,1,2,7,9,20,43,33
1985/3/2,17,19,27,30,36,43,1
1985/3/9,6,7,8,35,36,43,33
1985/3/16,3,6,18,21,33,34,49
1985/3/23,14,23,31,33,35,47,18
1985/3/30,8,16,20,30,31,48,12
1985/4/6,8,21,27,34,41,46,31
1985/4/13,7,20,24,46,48,49,41
1985/4/20,4,8,14,21,30,49,13
1985/4/27,4,14,27,37,40,44,46
1985/5/4,1,2,5,7,40,44,35
1985/5/11,6,15,20,22,26,46,21
1985/5/18,19,21,32,39,43,45,20
1985/5/25,9,12,24,30,31,47,39
1985/6/1,13,16,19,24,33,48,17
1985/6/8,9,11,19,27,30,46,12
1985/6/15,4,21,23,27,45,47,14
1985/6/22,1,7,15,20,31,45,22
1985/6/29,2,10,39,46,47,48,35
1985/7/6,5,24,26,36,41,45,35
1985/7/13,4,5,10,22,30,35,18
1985/7/20,7,9,11,16,43,46,34
1985/7/27,3,8,21,24,30,42,19
1985/8/3,2,8,9,18,31,42,32
1985/8/10,7,11,14,18,34,45,44
1985/8/17,4,21,32,38,43,45,41
1985/8/24,6,19,22,27,36,40,3
1985/8/31,3,9,13,15,27,30,42
1985/9/7,30,32,35,40,43,44,23
1985/9/11,4,9,14,15,44,45,32
1985/9/14,11,23,43,46,47,49,1
1985/9/18,8,12,19,33,41,45,24
1985/9/21,3,11,16,20,21,24,44
1985/9/25,5,9,12,33,45,47,32
1985/9/28,7,9,21,28,29,35,10
1985/10/2,1,26,33,34,38,46,31
1985/10/5,4,6,22,27,31,33,45
1985/10/9,7,8,11,19,25,39,3
1985/10/12,3,6,13,18,31,40,10
1985/10/16,1,3,8,18,35,47,30
1985/10/19,22,27,30,39,41,44,38
1985/10/23,1,6,11,27,33,41,9
1985/10/26,16,26,32,35,43,46,40
1985/10/30,19,24,32,36,38,41,47
1985/11/2,11,19,25,26,36,45,6
1985/11/6,16,20,26,34,38,47,27
1985/11/9,9,11,13,29,36,45,12
1985/11/13,5,9,23,28,40,46,49
1985/11/16,4,13,18,23,24,40,45
1985/11/20,31,32,36,38,39,44,20
1985/11/23,2,7,12,27,29,44,21
1985/11/27,19,24,26,34,41,43,27
1985/11/30,4,17,19,25,32,39,2
1985/12/4,4,5,20,29,31,47,1
1985/12/7,4,26,29,34,39,40,18
1985/12/11,9,19,20,32,33,37,39
1985/12/14,9,10,17,21,38,48,30
1985/12/18,1,7,19,36,42,49,45
1985/12/21,6,9,14,26,36,46,42
1985/12/25,1,7,11,14,19,38,32
1985/12/28,17,21,22,25,39,47,44
1986/1/1,3,6,18,31,38,49,42
1986/1/4,6,20,23,29,32,37,18
1986/1/8,9,10,12,18,32,48,31
1986/1/11,4,12,21,40,42,45,2
1986/1/15,1,10,13,19,25,33,45
1986/1/18,11,17,23,26,30,34,4
1986/1/22,2,19,26,27,44,47,8
1986/1/25,24,26,29,40,44,46,16
1986/1/29,3,9,11,37,45,46,6
1986/2/1,4,5,9,19,29,31,45
1986/2/5,6,26,29,31,32,41,36
1986/2/8,2,5,7,36,38,42,32
1986/2/12,1,12,15,19,22,30,36
1986/2/15,20,22,30,43,46,48,44
1986/2/19,5,17,23,35,45,48,39
1986/2/22,9,16,19,25,34,36,23
1986/2/26,11,15,26,33,40,49,38
1986/3/1,7,12,13,14,35,43,20
1986/3/5,1,7,17,28,41,45,39
1986/3/8,7,24,28,31,37,43,41
1986/3/12,9,10,20,22,41,42,23
1986/3/15,8,9,34,41,44,47,21
1986/3/19,19,25,34,40,42,46,18
1986/3/22,5,8,17,20,21,42,44
1986/3/26,2,4,25,28,38,46,9
1986/3/29,15,22,28,29,42,46,36
1986/4/2,5,10,17,21,31,36,40
1986/4/5,18,29,32,34,35,46,2
1986/4/9,5,19,22,30,39,45,48
1986/4/12,17,18,23,32,36,39,10
1986/4/16,9,28,29,32,41,49,33
1986/4/19,7,17,26,28,42,48,43
1986/4/23,4,5,7,25,38,42,43
1986/4/26,8,10,24,27,35,43,22
1986/4/30,2,9,13,18,20,29,42
1986/5/3,12,18,30,38,39,47,6
1986/5/7,9,16,22,40,42,47,15
1986/5/10,4,10,17,26,39,47,19
1986/5/14,8,16,19,26,33,45,10
1986/5/17,1,25,34,41,44,49,37
1986/5/21,20,25,36,39,43,45,26
1986/5/24,2,21,26,28,41,49,5
1986/5/28,3,18,21,31,34,37,48
1986/5/31,8,16,17,37,40,41,19
1986/6/4,3,4,5,14,17,31,37
1986/6/7,3,16,21,41,45,46,49
1986/6/11,5,14,24,27,36,43,26
1986/6/14,3,21,29,37,40,47,30
1986/6/18,2,14,18,28,32,43,31
1986/6/21,1,8,10,34,42,45,14
1986/6/25,1,5,15,33,35,47,24
1986/6/28,1,4,20,33,34,37,38
1986/7/2,5,16,18,31,46,49,42
1986/7/5,7,10,12,32,44,48,21
1986/7/9,16,24,25,36,44,45,18
1986/7/12,7,17,20,30,33,43,39
1986/7/16,7,17,29,31,38,47,27
1986/7/19,7,25,28,32,37,43,16
1986/7/23,3,13,17,24,32,35,47
1986/7/26,3,14,29,34,46,49,48
1986/7/30,3,26,39,44,48,49,13
1986/8/2,8,14,21,24,38,47,23
1986/8/6,1,5,7,10,23,40,47
1986/8/9,5,8,14,21,33,34,10
1986/8/13,4,5,34,35,40,43,15
1986/8/16,14,25,35,40,41,43,12
1986/8/20,6,7,9,21,38,43,45
1986/8/23,1,4,19,31,45,47,36
1986/8/27,7,11,18,33,38,40,32
1986/8/30,4,11,25,32,45,46,10
1986/9/3,20,27,41,44,47,49,34
1986/9/6,8,9,19,35,39,48,20
1986/9/10,3,13,18,22,42,43,46
1986/9/13,10,14,16,43,44,49,29
1986/9/17,9,21,30,32,39,41,27
1986/9/20,8,9,11,15,19,25,10
1986/9/24,2,12,38,40,42,48,45
1986/9/27,4,5,11,19,34,38,27
1986/10/1,2,17,24,30,34,39,18
1986/10/4,8,14,16,24,26,38,21
1986/10/8,3,17,20,22,24,49,25
1986/10/11,7,12,26,33,37,48,21
1986/10/15,10,21,24,25,39,49,23
1986/10/18,8,29,32,39,43,45,49
1986/10/22,3,16,34,36,45,48,13
1986/10/25,1,3,16,41,42,46,31
1986/10/29,13,17,21,22,24,46,27
1986/11/1,19,22,24,36,38,41,33
1986/11/5,23,25,26,27,38,46,4
1986/11/8,2,3,6,11,31,42,1
1986/11/12,1,17,26,33,36,43,30
1986/11/15,4,23,24,34,39,47,45
1986/11/19,2,7,8,22,34,47,3
1986/11/22,5,13,18,32,34,39,21
1986/11/26,14,20,22,26,35,44,40
1986/11/29,2,4,6,21,27,42,17
1986/12/3,4,15,25,31,33,47,26
1986/12/6,6,8,24,37,45,48,11
1986/12/10,14,23,25,30,33,35,17
1986/12/13,3,6,7,14,27,43,33
1986/12/17,16,21,25,35,37,40,44
1986/12/20,7,14,16,34,46,48,49
1986/12/24,1,10,19,24,37,41,48
1986/12/27,3,15,16,20,26,34,32
1986/12/31,8,11,16,20,27,44,36
1987/1/3,3,11,16,23,47,49,25
1987/1/7,1,3,29,35,37,47,45
1987/1/10,7,9,17,18,26,35,46
1987/1/14,4,21,23,33,34,36,31
1987/1/17,7,15,16,18,31,44,46
1987/1/21,2,11,19,34,42,44,49
1987/1/24,12,16,20,27,41,42,37
1987/1/28,15,18,27,44,46,47,33
1987/1/31,6,12,15,24,36,49,48
1987/2/4,2,15,21,42,47,49,41
1987/2/7,14,15,16,31,32,39,5
1987/2/11,11,12,29,33,43,46,22
1987/2/14,12,15,16,25,29,37,13
1987/2/18,2,10,20,26,35,48,16
1987/2/21,9,16,21,27,40,44,11
1987/2/25,2,5,24,25,36,46,23
1987/2/28,2,11,16,23,29,45,37
1987/3/4,6,17,24,26,31,32,37
1987/3/7,11,16,22,25,34,37,5
1987/3/11,1,21,24,27,30,37,39
1987/3/14,2,4,12,30,35,46,34
1987/3/18,2,18,22,30,31,33,12
1987/3/21,1,15,22,38,42,45,18
1987/3/25,3,5,6,11,20,44,48
1987/3/28,13,16,40,41,47,48,5
1987/4/1,4,28,38,39,43,45,44
1987/4/4,2,8,29,32,40,47,5
1987/4/8,14,16,18,29,31,35,33
1987/4/11,18,25,27,28,40,46,11
1987/4/15,15,26,29,34,46,47,37
1987/4/18,9,10,11,21,28,37,33
1987/4/22,27,31,33,34,39,46,44
1987/4/25,1,27,29,34,42,48,33
1987/4/29,5,7,10,20,37,38,27
1987/5/2,9,11,15,21,32,42,35
1987/5/6,5,16,19,25,46,48,38
1987/5/9,3,9,32,38,40,47,49
1987/5/13,1,5,21,36,44,45,22
1987/5/16,1,9,16,17,38,42,30
1987/5/20,6,8,10,18,22,45,1
1987/5/23,1,27,34,40,41,44,35
1987/5/27,16,18,21,23,34,38,32
1987/5/30,3,12,18,22,31,36,37
1987/6/3,4,7,11,35,40,41,10
1987/6/6,4,10,19,32,39,41,36
1987/6/10,6,8,15,17,20,23,45
1987/6/13,8,16,29,32,40,46,28
1987/6/17,10,17,24,34,37,41,33
1987/6/20,5,20,22,25,36,48,9
1987/6/24,3,15,40,41,43,47,38
1987/6/27,1,15,31,32,37,42,38
1987/7/1,3,12,15,18,21,33,5
1987/7/4,4,19,26,32,44,46,36
1987/7/8,5,13,14,18,37,40,16
1987/7/11,10,24,28,33,38,46,43
1987/7/15,4,17,29,38,39,45,31
1987/7/18,3,8,40,46,47,48,43
1987/7/22,1,8,26,32,43,49,35
1987/7/25,2,11,22,23,32,40,47
1987/7/29,10,26,31,36,39,46,2
1987/8/1,1,4,20,28,44,47,21
1987/8/5,17,29,32,41,42,43,37
1987/8/8,14,18,26,39,41,49,38
1987/8/12,1,4,13,16,30,31,36
1987/8/15,10,14,21,31,34,49,44
1987/8/19,4,17,19,30,41,44,38
1987/8/22,19,23,27,28,35,49,12
1987/8/26,3,8,28,32,36,48,29
1987/8/29,1,15,16,26,29,37,9
1987/9/2,11,13,17,20,45,49,22
1987/9/5,8,11,15,31,32,33,35
1987/9/9,15,23,35,38,46,47,13
1987/9/12,4,22,23,28,29,36,38
1987/9/16,3,4,6,15,35,40,45
1987/9/19,3,7,21,24,29,48,28
1987/9/23,4,8,10,16,22,41,7
1987/9/26,21,22,28,36,41,49,23
1987/9/30,4,9,10,11,28,30,32
1987/10/3,14,18,23,25,28,30,36
1987/10/7,3,4,6,13,14,48,40
1987/10/10,8,9,17,28,33,36,10
1987/10/14,16,20,25,32,33,42,31
1987/10/17,4,14,15,23,40,49,2
1987/10/21,1,3,5,14,27,44,10
1987/10/24,3,24,25,38,39,44,36
1987/10/28,7,18,27,30,39,40,32
1987/10/31,9,16,17,24,35,41,10
1987/11/4,3,4,7,8,16,34,26
1987/11/7,6,16,26,30,32,43,19
1987/11/11,10,17,18,37,39,43,2
1987/11/14,1,13,19,32,33,38,47
1987/11/18,18,36,40,43,45,49,33
1987/11/21,1,7,11,12,29,39,16
1987/11/25,13,26,33,45,46,49,10
1987/11/28,4,8,9,24,43,47,17
1987/12/2,15,22,30,35,37,49,26
1987/12/5,1,5,25,30,31,48,23
1987/12/9,20,29,33,39,41,48,7
1987/12/12,2,9,11,31,37,40,41
1987/12/16,12,25,37,41,42,48,1
1987/12/19,12,13,18,22,32,33,19
1987/12/23,16,29,30,39,43,44,31
1987/12/26,1,17,26,37,39,49,46
1987/12/30,1,13,17,18,45,48,49
1988/1/2,17,20,31,38,39,49,34
1988/1/6,8,13,22,23,26,47,42
1988/1/9,16,17,23,28,32,45,34
1988/1/13,7,19,29,38,43,45,37
1988/1/16,8,27,29,36,37,39,47
1988/1/20,3,8,12,23,30,43,31
1988/1/23,3,12,19,35,47,49,22
1988/1/27,2,4,23,36,44,49,22
1988/1/30,5,18,21,25,44,47,10
1988/2/3,5,29,30,33,41,49,1
1988/2/6,4,7,8,12,42,43,49
1988/2/10,8,18,33,37,40,42,44
1988/2/13,10,11,12,24,25,36,9
1988/2/17,5,14,23,27,36,37,28
1988/2/20,10,18,27,28,42,48,17
1988/2/24,7,10,15,20,27,29,30
1988/2/27,3,4,16,18,25,43,47
1988/3/2,8,10,26,34,42,44,33
1988/3/5,11,13,14,24,40,48,45
1988/3/9,4,10,18,19,37,40,41
1988/3/12,1,26,36,42,44,46,20
1988/3/16,1,16,19,35,39,40,11
1988/3/19,10,28,31,34,39,47,49
1988/3/23,3,8,29,31,43,48,11
1988/3/26,27,30,31,33,38,42,28
1988/3/30,9,12,19,35,36,44,48
1988/4/2,6,10,21,30,36,49,40
1988/4/6,10,19,24,31,39,47,32
1988/4/9,6,12,18,24,32,35,22
1988/4/13,9,17,19,28,40,46,15
1988/4/16,18,21,30,39,40,49,15
1988/4/20,1,2,7,11,34,43,5
1988/4/23,5,14,18,24,42,49,6
1988/4/27,17,33,38,39,46,49,1
1988/4/30,1,12,20,23,31,49,11
1988/5/4,2,5,9,23,38,43,3
1988/5/7,1,14,27,37,39,42,30
1988/5/11,12,14,17,21,23,29,3
1988/5/14,2,6,20,34,39,44,37
1988/5/18,4,5,6,13,24,31,44
1988/5/21,3,7,15,19,31,34,43
1988/5/25,2,13,28,40,41,43,36
1988/5/28,2,5,28,31,42,45,9
1988/6/1,2,20,24,34,43,49,41
1988/6/4,15,19,28,32,35,42,45
1988/6/8,2,6,22,27,34,37,12
1988/6/11,3,8,16,22,27,44,23
1988/6/15,5,9,15,21,27,47,4
1988/6/18,3,5,14,30,35,40,32
1988/6/22,2,18,24,25,27,30,46
1988/6/25,8,22,28,31,32,38,39
1988/6/29,6,10,26,39,41,47,8
1988/7/2,26,32,33,35,38,44,12
1988/7/6,6,13,19,22,25,27,16
1988/7/9,8,10,25,31,43,47,41
1988/7/13,8,9,15,22,25,31,7
1988/7/16,1,8,13,28,31,44,39
1988/7/20,9,13,19,23,34,40,1
1988/7/23,12,14,20,33,38,43,18
1988/7/27,1,4,31,33,36,39,32
1988/7/30,2,7,10,14,23,42,17
1988/8/3,1,3,20,22,30,44,33
1988/8/6,5,28,29,32,43,45,20
1988/8/10,7,15,17,29,40,47,36
1988/8/13,11,24,35,45,46,48,40
1988/8/17,5,32,34,40,45,47,15
1988/8/20,6,19,33,35,43,44,34
1988/8/24,5,8,16,32,34,43,6
1988/8/27,17,20,23,27,36,47,37
1988/8/31,6,31,34,37,39,48,15
1988/9/3,6,20,22,27,32,41,37
1988/9/7,2,5,13,23,35,45,48
1988/9/10,4,16,17,18,22,44,41
1988/9/14,10,27,30,33,36,48,9
1988/9/17,2,4,15,24,28,41,34
1988/9/21,8,9,10,18,30,39,22
1988/9/24,3,7,18,21,41,44,32
1988/9/28,2,4,6,11,42,44,26
1988/10/1,6,20,35,42,47,49,38
1988/10/5,3,12,14,29,31,33,23
1988/10/8,7,23,27,29,44,49,18
1988/10/12,1,7,9,21,46,47,36
1988/10/15,2,13,27,29,35,38,44
1988/10/19,8,12,16,20,21,44,49
1988/10/22,2,3,8,24,32,48,28
1988/10/26,13,16,17,19,35,45,3
1988/10/29,1,24,32,36,48,49,47
1988/11/2,3,7,23,28,31,49,9
1988/11/5,16,31,40,42,45,49,21
1988/11/9,4,6,15,32,34,35,8
1988/11/12,13,15,24,28,41,46,21
1988/11/16,1,18,19,31,45,49,41
1988/11/19,4,5,24,25,36,39,47
1988/11/23,22,33,38,39,44,49,43
1988/11/26,2,18,23,35,37,42,1
1988/11/30,4,20,33,47,48,49,45
1988/12/3,1,14,15,30,37,49,19
1988/12/7,4,17,22,28,30,47,46
1988/12/10,8,16,22,31,32,39,43
1988/12/14,6,23,24,26,33,36,41
1988/12/17,4,15,19,20,36,48,16
1988/12/21,3,10,20,30,44,49,43
1988/12/24,23,31,34,45,47,48,7
1988/12/28,1,8,17,20,32,44,16
1988/12/31,3,25,28,29,35,47,16
1989/1/4,1,13,14,45,46,48,27
1989/1/7,4,14,28,32,33,44,12
1989/1/11,11,17,20,31,33,35,22
1989/1/14,14,21,34,40,44,47,15
1989/1/18,6,9,14,16,19,28,26
1989/1/21,10,25,29,31,39,49,43
1989/1/25,7,9,11,24,31,49,1
1989/1/28,3,7,19,23,26,35,39
1989/2/1,1,4,11,16,23,33,41
1989/2/4,6,19,22,28,32,38,34
1989/2/8,8,10,11,27,31,43,26
1989/2/11,6,9,11,17,20,27,43
1989/2/15,1,30,36,37,38,40,2
1989/2/18,2,18,31,33,35,37,41
1989/2/22,2,6,14,28,44,47,15
1989/2/25,4,11,27,31,36,49,21
1989/3/1,11,18,23,33,47,49,46
1989/3/4,8,15,22,36,41,42,9
1989/3/8,13,21,30,37,43,46,40
1989/3/11,1,8,14,19,27,31,30
1989/3/15,7,10,15,18,19,23,36
1989/3/18,6,17,30,34,41,48,47
1989/3/22,6,8,15,32,44,49,3
1989/3/25,9,17,18,32,34,42,33
1989/3/29,1,9,25,34,35,42,48
1989/4/1,2,10,37,40,42,44,30
1989/4/5,18,25,29,32,34,44,3
1989/4/8,5,13,19,27,41,45,29
1989/4/12,10,28,30,37,40,44,21
1989/4/15,5,7,26,28,32,37,12
1989/4/19,6,8,10,37,42,46,41
1989/4/22,3,17,18,28,34,49,12
1989/4/26,4,16,19,23,34,41,11
1989/4/29,2,20,23,25,27,46,18
1989/5/3,7,9,13,26,28,34,14
1989/5/6,4,9,23,25,30,35,46
1989/5/10,18,19,22,36,41,42,13
1989/5/13,10,18,24,32,44,47,38
1989/5/17,12,22,25,32,38,40,31
1989/5/20,6,14,17,19,28,30,29
1989/5/24,4,13,16,32,35,40,25
1989/5/27,1,18,20,26,31,39,35
1989/5/31,1,12,34,42,44,45,49
1989/6/3,2,10,16,27,38,47,29
1989/6/7,14,26,29,33,35,37,8
1989/6/10,10,12,17,33,36,40,2
1989/6/14,6,13,24,30,32,33,35
1989/6/17,18,23,24,25,31,32,3
1989/6/21,1,5,21,29,37,42,19
1989/6/24,6,10,18,26,27,41,4
1989/6/28,2,4,13,16,17,40,41
1989/7/1,3,5,15,16,17,31,2
1989/7/5,1,2,7,14,41,49,21
1989/7/8,10,13,18,28,31,42,35
1989/7/12,1,8,15,25,31,41,47
1989/7/15,12,13,19,20,39,42,47
1989/7/19,14,20,25,33,35,48,27
1989/7/22,9,15,21,34,45,46,5
1989/7/26,1,5,6,9,22,44,46
1989/7/29,8,12,34,38,43,46,36
1989/8/2,5,13,19,26,37,38,42
1989/8/5,3,14,21,28,30,45,48
1989/8/9,13,22,24,34,37,44,47
1989/8/12,3,4,13,21,22,46,7
1989/8/16,9,12,13,32,34,35,47
1989/8/19,6,7,18,27,32,39,34
1989/8/23,5,9,15,17,29,35,7
1989/8/26,4,12,14,32,44,45,33
1989/8/30,11,20,25,30,34,38,48
1989/9/2,1,14,27,42,46,49,8
1989/9/6,13,15,18,37,42,49,33
1989/9/9,18,22,39,40,43,47,48
1989/9/13,3,7,15,17,41,43,33
1989/9/16,4,6,11,17,27,44,41
1989/9/20,1,13,21,31,36,48,26
1989/9/23,3,6,7,19,27,32,20
1989/9/27,1,16,20,21,25,33,45
1989/9/30,5,20,26,39,45,46,43
1989/10/4,7,9,10,40,44,48,29
1989/10/7,2,7,12,15,18,48,42
1989/10/11,1,4,26,27,35,45,29
1989/10/14,1,17,20,37,42,44,38
1989/10/18,1,24,28,40,46,49,39
1989/10/21,20,26,29,33,40,45,38
1989/10/25,4,21,24,32,34,47,25
1989/10/28,1,14,28,36,47,49,43
1989/11/1,14,16,20,22,34,42,39
1989/11/4,4,17,26,33,43,49,25
1989/11/8,9,17,28,36,44,46,2
1989/11/11,9,16,18,25,37,47,35
1989/11/15,2,20,27,29,41,43,16
1989/11/18,17,20,34,39,41,49,24
1989/11/22,6,7,18,21,24,32,31
1989/11/25,5,7,19,24,37,41,39
1989/11/29,2,14,37,42,44,48,46
1989/12/2,5,8,25,42,43,45,26
1989/12/6,20,24,32,36,41,43,30
1989/12/9,10,16,31,42,47,49,48
1989/12/13,2,9,22,25,47,49,38
1989/12/16,1,7,15,18,27,40,13
1989/12/20,4,11,17,20,25,49,40
1989/12/23,3,5,10,36,42,45,28
1989/12/27,7,26,28,34,38,47,18
1989/12/30,11,12,26,27,29,34,18
1990/1/3,2,14,40,41,43,46,16
1990/1/6,5,6,21,22,31,33,46
1990/1/10,2,5,33,35,47,49,44
1990/1/13,12,18,22,33,35,44,2
1990/1/17,3,22,27,46,48,49,19
1990/1/20,15,24,36,41,42,46,8
1990/1/24,19,21,24,29,46,48,27
1990/1/27,1,5,6,10,33,49,36
1990/1/31,1,10,11,15,22,29,42
1990/2/3,7,8,11,16,41,47,44
1990/2/7,11,12,28,30,39,48,16
1990/2/10,15,21,24,27,42,47,36
1990/2/14,11,14,25,28,44,47,30
1990/2/17,17,18,21,22,23,45,7
1990/2/21,13,16,21,26,35,46,18
1990/2/24,1,23,26,37,43,49,2
1990/2/28,10,16,32,35,36,42,15
1990/3/3,3,13,28,31,40,44,41
1990/3/7,1,3,14,33,37,49,16
1990/3/10,4,9,22,27,42,45,34
1990/3/14,2,11,30,34,38,44,49
1990/3/17,11,17,28,35,38,40,46
1990/3/21,7,17,34,38,45,46,30
1990/3/24,5,31,33,34,36,38,25
1990/3/28,2,19,20,26,32,37,45
1990/3/31,6,23,25,31,39,41,12
1990/4/4,7,10,31,37,46,49,24
1990/4/7,13,25,38,40,42,47,11
1990/4/11,6,13,31,35,38,40,15
1990/4/14,11,24,39,41,43,45,20
1990/4/18,9,22,24,27,36,46,7
1990/4/21,1,4,8,27,34,40,42
1990/4/25,27,29,30,33,44,45,25
1990/4/28,12,20,22,28,36,43,32
1990/5/2,2,5,11,27,31,43,30
1990/5/5,2,3,7,22,38,48,21
1990/5/9,7,15,16,26,29,47,42
1990/5/12,5,19,21,34,43,49,32
1990/5/16,3,22,23,31,33,47,28
1990/5/19,5,7,20,26,31,36,14
1990/5/23,3,4,13,25,29,41,33
1990/5/26,4,8,9,39,40,46,11
1990/5/30,7,11,17,28,38,42,32
1990/6/2,1,3,30,36,42,43,23
1990/6/6,2,9,16,22,34,40,14
1990/6/9,8,13,25,30,38,39,24
1990/6/13,7,10,37,45,46,47,13
1990/6/16,12,24,35,42,45,47,21
1990/6/20,13,14,19,20,29,47,33
1990/6/23,22,27,32,37,42,47,31
1990/6/27,5,7,12,17,26,47,10
1990/6/30,9,17,21,28,29,30,1
1990/7/4,2,8,11,25,45,47,24
1990/7/7,11,14,15,25,38,42,45
1990/7/11,13,15,16,24,38,40,27
1990/7/14,5,17,27,31,33,48,38
1990/7/18,10,12,18,39,43,49,40
1990/7/21,9,27,28,36,37,46,12
1990/7/25,2,16,28,39,41,46,25
1990/7/28,10,16,26,34,37,43,5
1990/8/1,2,8,13,23,27,44,21
1990/8/4,13,22,26,40,46,49,4
1990/8/8,11,23,29,30,44,49,41
1990/8/11,1,6,21,27,43,49,46
1990/8/15,17,19,20,31,40,44,21
1990/8/18,13,19,41,44,46,48,12
1990/8/22,2,7,12,17,19,23,39
1990/8/25,14,20,25,43,44,46,33
1990/8/29,1,10,16,25,43,48,37
1990/9/1,4,10,17,20,24,39,49
1990/9/5,7,12,37,38,40,46,18
1990/9/8,17,18,21,37,38,39,36
1990/9/12,14,23,29,35,39,47,44
1990/9/15,9,22,30,39,42,45,41
1990/9/19,7,8,10,20,31,49,27
1990/9/22,8,9,17,22,43,45,16
1990/9/26,4,5,7,18,33,42,39
1990/9/29,6,9,12,33,34,48,3
1990/10/3,17,20,36,40,43,47,26
1990/10/6,17,18,32,34,39,46,8
1990/10/10,10,14,34,37,40,49,42
1990/10/13,1,6,8,30,32,44,17
1990/10/17,9,13,14,33,39,40,8
1990/10/20,6,14,15,19,26,28,49
1990/10/24,1,9,14,20,43,48,44
1990/10/27,3,16,18,24,31,44,22
1990/10/31,3,10,14,16,17,39,11
1990/11/3,1,11,16,27,32,49,37
1990/11/7,19,30,32,39,42,49,28
1990/11/10,5,10,19,29,35,42,7
1990/11/14,21,26,29,31,46,47,14
1990/11/17,4,16,24,28,35,46,5
1990/11/21,6,10,20,30,31,39,2
1990/11/24,3,5,13,14,31,40,23
1990/11/28,12,21,28,34,38,39,25
1990/12/1,3,5,14,26,34,41,12
1990/12/5,10,17,22,26,34,45,38
1990/12/8,1,19,21,23,24,46,7
1990/12/12,5,9,23,27,28,39,42
1990/12/15,21,26,29,33,35,43,25
1990/12/19,20,27,34,39,42,47,14
1990/12/22,2,3,13,26,36,38,40
1990/12/26,16,19,25,32,38,47,30
1990/12/29,7,25,28,37,44,48,11
1991/1/2,2,14,19,20,26,49,8
1991/1/5,7,9,21,25,26,46,13
1991/1/9,2,5,9,17,22,38,12
1991/1/12,11,22,24,37,39,49,27
1991/1/16,17,33,34,37,41,47,12
1991/1/19,5,7,10,15,24,29,43
1991/1/23,18,23,29,38,41,44,36
1991/1/26,8,28,30,31,32,35,26
1991/1/30,1,13,17,23,30,40,14
1991/2/2,5,10,16,20,29,42,6
1991/2/6,12,15,17,28,38,43,33
1991/2/9,9,11,21,28,29,37,38
1991/2/13,3,5,23,24,34,47,31
1991/2/16,6,7,23,30,38,45,13
1991/2/20,4,16,18,28,31,38,46
1991/2/23,10,11,17,29,38,47,28
1991/2/27,4,6,18,33,42,44,20
1991/3/2,6,7,12,37,45,48,28
1991/3/6,16,17,23,28,43,49,29
1991/3/9,8,13,22,34,43,45,16
1991/3/13,4,5,15,18,25,41,11
1991/3/16,21,22,29,31,42,47,36
1991/3/20,2,5,6,8,32,46,49
1991/3/23,13,17,22,28,31,41,48
1991/3/27,7,14,17,22,30,47,21
1991/3/30,1,8,18,19,29,33,41
1991/4/3,3,4,9,29,38,47,31
1991/4/6,4,10,19,24,41,45,27
1991/4/10,1,3,7,23,28,42,26
1991/4/13,16,24,26,27,39,45,8
1991/4/17,10,15,22,25,27,40,30
1991/4/20,6,19,25,39,44,47,1
1991/4/24,9,18,22,26,32,36,19
1991/4/27,14,19,20,27,40,45,11
1991/5/1,10,21,35,36,42,44,40
1991/5/4,8,12,25,30,43,49,45
1991/5/8,16,25,30,38,46,48,9
1991/5/11,6,30,31,32,35,47,14
1991/5/15,5,10,27,29,35,45,36
1991/5/18,16,18,20,26,37,38,3
1991/5/22,16,26,30,33,43,49,17
1991/5/25,2,23,28,32,33,47,44
1991/5/29,8,18,20,26,29,37,17
1991/6/1,7,8,13,25,38,44,40
1991/6/5,11,18,26,33,47,49,34
1991/6/8,11,13,26,28,36,41,34
1991/6/12,14,20,32,35,40,41,38
1991/6/15,3,9,17,24,39,43,2
1991/6/19,4,8,30,39,40,45,46
1991/6/22,20,24,35,36,40,45,43
1991/6/26,8,10,17,26,37,41,30
1991/6/29,3,5,10,12,13,40,43
1991/7/3,6,11,15,25,40,46,12
1991/7/6,6,10,32,37,40,48,26
1991/7/10,7,10,23,26,27,32,41
1991/7/13,3,9,24,26,33,47,4
1991/7/17,2,8,9,20,23,43,4
1991/7/20,10,11,22,28,30,33,41
1991/7/24,7,15,19,32,33,34,20
1991/7/27,9,30,31,33,37,43,27
1991/7/31,7,12,14,16,35,39,21
1991/8/3,4,23,25,36,38,43,34
1991/8/7,2,7,11,15,42,49,19
1991/8/10,6,7,19,27,37,45,9
1991/8/14,23,25,28,30,32,49,18
1991/8/17,13,15,18,21,38,44,39
1991/8/21,9,15,17,31,33,34,10
1991/8/24,4,8,9,41,45,47,19
1991/8/28,23,27,33,46,47,49,35
1991/8/31,1,3,6,22,25,39,48
1991/9/4,1,5,6,15,20,22,13
1991/9/7,1,5,18,34,35,37,27
1991/9/11,2,9,19,24,32,41,8
1991/9/14,5,12,21,32,46,47,14
1991/9/18,4,5,27,38,43,45,12
1991/9/21,1,2,7,9,21,42,27
1991/9/25,10,17,23,29,30,43,19
1991/9/28,1,3,24,27,43,45,15
1991/10/2,31,36,40,43,48,49,33
1991/10/5,1,18,36,40,44,47,9
1991/10/9,5,8,17,32,43,44,39
1991/10/12,17,34,39,41,43,47,21
1991/10/16,4,8,10,13,29,43,12
1991/10/19,12,25,36,37,40,42,19
1991/10/23,13,21,27,46,47,48,15
1991/10/26,7,24,32,33,34,35,17
1991/10/30,2,3,18,30,34,40,13
1991/11/2,6,15,35,42,47,48,9
1991/11/6,5,17,25,26,41,42,30
1991/11/9,7,13,17,19,23,39,18
1991/11/13,7,9,17,21,39,49,23
1991/11/16,4,6,20,26,31,33,11
1991/11/20,7,11,13,36,43,44,23
1991/11/23,15,38,43,45,48,49,4
1991/11/27,1,3,4,23,36,38,15
1991/11/30,14,15,24,36,45,46,27
1991/12/4,6,12,23,30,34,43,7
1991/12/7,5,6,33,41,44,49,9
1991/12/11,19,21,32,35,38,47,29
1991/12/14,17,18,20,29,31,43,2
1991/12/18,17,19,28,35,36,42,39
1991/12/21,19,21,22,23,37,45,1
1991/12/25,2,11,25,34,46,49,47
1991/12/28,22,32,35,39,44,46,48
1992/1/1,4,7,16,21,47,48,5
1992/1/4,11,14,38,43,44,46,19
1992/1/8,7,16,20,28,32,41,24
1992/1/11,7,8,23,26,46,48,47
1992/1/15,1,11,20,23,28,32,4
1992/1/18,8,17,25,26,45,46,42
1992/1/22,12,30,40,46,47,49,22
1992/1/25,6,12,18,19,31,47,49
1992/1/29,1,3,7,8,35,44,16
1992/2/1,26,30,32,34,40,47,28
1992/2/5,2,8,12,15,39,49,48
1992/2/8,5,16,17,18,31,38,19
1992/2/12,3,16,18,21,25,48,30
1992/2/15,9,15,22,38,41,45,33
1992/2/19,7,9,10,17,38,44,32
1992/2/22,1,12,20,25,29,43,37
1992/2/26,16,18,27,28,29,31,4
1992/2/29,14,15,26,34,35,42,6
1992/3/4,9,12,21,22,35,44,41
1992/3/7,7,18,21,26,34,36,46
1992/3/11,1,7,28,31,40,44,46
1992/3/14,2,14,16,25,30,33,11
1992/3/18,2,12,24,26,38,42,13
1992/3/21,4,12,13,14,27,28,10
1992/3/25,12,22,29,32,33,36,27
1992/3/28,4,6,15,38,41,48,5
1992/4/1,2,5,24,25,31,35,33
1992/4/4,16,18,26,27,29,34,8
1992/4/8,29,34,35,39,40,43,30
1992/4/11,6,7,8,10,26,38,9
1992/4/15,7,12,19,22,32,48,13
1992/4/18,2,26,31,33,38,40,28
1992/4/22,5,9,22,33,34,48,35
1992/4/25,1,24,26,28,29,32,39
1992/4/29,7,15,28,29,33,41,13
1992/5/2,4,5,6,13,22,40,36
1992/5/6,14,17,21,25,27,39,32
1992/5/9,14,21,25,28,36,37,39
1992/5/13,19,20,25,27,31,38,10
1992/5/16,1,2,15,26,39,49,25
1992/5/20,21,23,31,34,38,44,8
1992/5/23,2,16,18,25,27,45,28
1992/5/27,11,30,32,34,42,44,36
1992/5/30,2,12,19,21,35,49,44
1992/6/3,9,32,34,36,43,49,24
1992/6/6,9,15,16,33,35,41,38
1992/6/10,3,19,29,31,34,42,14
1992/6/13,20,21,32,39,42,43,47
1992/6/17,9,12,17,25,30,35,4
1992/6/20,9,11,32,34,35,48,42
1992/6/24,7,18,21,26,31,37,42
1992/6/27,19,29,30,31,32,36,12
1992/7/1,13,23,29,39,46,47,3
1992/7/4,7,8,24,39,40,46,20
1992/7/8,1,2,3,4,13,48,20
1992/7/11,13,15,18,23,26,46,39
1992/7/15,5,21,30,33,36,41,18
1992/7/18,8,13,23,31,39,41,7
1992/7/22,16,20,22,31,40,43,42
1992/7/25,3,8,12,19,42,44,33
1992/7/29,5,6,7,14,16,46,37
1992/8/1,6,7,21,28,38,39,42
1992/8/5,1,2,12,20,21,47,42
1992/8/8,15,27,30,31,34,43,12
1992/8/12,3,4,20,22,33,46,19
1992/8/15,16,21,25,26,38,47,24
1992/8/19,9,10,21,28,30,41,1
1992/8/22,6,14,23,29,44,48,13
1992/8/26,4,13,26,35,41,46,6
1992/8/29,3,9,18,32,41,47,30
1992/9/2,1,15,32,35,38,49,14
1992/9/5,11,14,16,17,29,41,35
1992/9/9,5,10,31,35,37,41,20
1992/9/12,1,3,14,17,38,40,20
1992/9/16,1,4,30,40,42,48,49
1992/9/19,4,12,31,41,43,49,24
1992/9/23,19,21,34,36,47,49,42
1992/9/26,16,17,20,21,29,35,41
1992/9/30,14,35,40,43,46,47,11
1992/10/3,11,15,16,22,27,34,12
1992/10/7,8,17,25,26,38,42,14
1992/10/10,8,12,22,39,40,44,17
1992/10/14,3,12,35,42,43,45,13
1992/10/17,2,13,15,24,33,35,39
1992/10/21,7,18,26,35,38,48,49
1992/10/24,11,22,25,33,42,49,28
1992/10/28,3,11,13,15,20,39,32
1992/10/31,22,28,29,30,36,47,16
1992/11/4,12,14,19,26,40,42,3
1992/11/7,8,9,14,38,42,49,41
1992/11/11,12,19,28,31,41,47,16
1992/11/14,2,6,7,8,30,37,47
1992/11/18,3,7,11,29,45,48,8
1992/11/21,5,6,7,12,35,39,29
1992/11/25,18,28,29,30,46,49,7
1992/11/28,10,19,20,35,38,43,48
1992/12/2,2,16,22,24,27,45,42
1992/12/5,3,21,23,41,43,46,1
1992/12/9,1,5,10,16,44,45,23
1992/12/12,15,18,29,30,37,47,44
1992/12/16,2,11,32,33,48,49,3
1992/12/19,8,9,13,27,28,38,7
1992/12/23,7,14,32,36,39,44,43
1992/12/26,11,13,16,17,19,20,37
1992/12/30,11,23,30,31,34,46,17
1993/1/2,7,15,19,28,29,30,43
1993/1/6,3,16,20,22,37,39,31
1993/1/9,6,14,18,21,34,35,22
1993/1/13,3,11,16,23,24,26,25
1993/1/16,16,31,38,39,41,42,30
1993/1/20,11,12,18,20,36,43,44
1993/1/23,12,21,25,34,45,48,39
1993/1/27,7,15,31,41,46,47,17
1993/1/30,1,6,13,14,19,34,8
1993/2/3,1,24,28,34,44,47,43
1993/2/6,19,29,33,34,39,41,26
1993/2/10,13,19,29,31,32,48,47
1993/2/13,12,16,17,20,34,39,43
1993/2/17,4,12,16,22,32,40,35
1993/2/20,12,14,32,40,43,49,38
1993/2/24,4,5,8,10,32,39,28
1993/2/27,1,8,16,18,19,38,26
1993/3/3,22,24,28,33,38,46,31
1993/3/6,1,2,14,25,29,46,28
1993/3/10,3,6,9,39,46,47,1
1993/3/13,1,7,18,19,27,41,9
1993/3/17,5,12,15,26,36,46,23
1993/3/20,6,11,13,21,27,41,35
1993/3/24,9,15,25,27,28,41,46
1993/3/27,7,14,26,28,30,42,13
1993/3/31,6,20,24,29,32,42,17
1993/4/3,1,2,8,12,41,45,15
1993/4/7,8,28,30,37,41,43,14
1993/4/10,32,36,43,44,45,47,10
1993/4/14,11,18,20,25,35,39,19
1993/4/17,12,21,23,31,33,45,18
1993/4/21,4,6,17,31,34,49,2
1993/4/24,8,20,30,38,41,43,16
1993/4/28,4,7,11,18,46,47,36
1993/5/1,4,18,39,40,42,43,17
1993/5/5,3,13,16,18,19,46,39
1993/5/8,1,3,8,27,39,48,11
1993/5/12,9,20,24,38,44,48,37
1993/5/15,3,6,22,31,35,43,7
1993/5/19,3,25,29,37,44,45,43
1993/5/22,10,12,22,27,31,32,29
1993/5/26,5,6,9,39,43,47,32
1993/5/29,12,17,33,34,40,48,36
1993/6/2,1,3,19,32,37,47,23
1993/6/5,17,23,32,33,40,47,27
1993/6/9,18,27,28,34,38,45,19
1993/6/12,1,3,13,21,32,45,37
1993/6/16,3,8,12,20,26,39,24
1993/6/19,5,17,31,34,36,38,11
1993/6/23,5,24,38,40,44,48,10
1993/6/26,16,17,23,35,39,45,18
1993/6/30,12,18,27,29,31,43,20
1993/7/3,8,10,32,36,37,44,9
1993/7/7,23,27,31,39,41,42,7
1993/7/10,13,30,37,39,42,44,1
1993/7/14,16,24,25,27,29,40,19
1993/7/17,2,4,14,32,39,43,6
1993/7/21,1,6,16,38,41,48,27
1993/7/24,15,23,27,31,41,42,45
1993/7/28,2,4,8,9,22,34,48
1993/7/31,4,14,20,21,29,36,3
1993/8/4,5,18,19,26,30,40,46
1993/8/7,4,9,17,31,33,38,34
1993/8/11,2,6,15,26,36,40,28
1993/8/14,9,16,26,30,32,36,29
1993/8/18,20,22,37,42,43,46,24
1993/8/21,17,18,20,39,40,41,42
1993/8/25,16,19,20,25,35,42,30
1993/8/28,12,19,21,28,30,39,46
1993/9/1,2,18,31,33,43,47,13
1993/9/4,1,21,23,25,29,44,45
1993/9/8,4,21,23,29,33,40,41
1993/9/11,3,7,12,16,30,31,44
1993/9/15,4,9,12,27,28,48,15
1993/9/18,4,5,21,24,36,38,8
1993/9/22,11,12,27,29,31,38,18
1993/9/25,10,26,27,35,41,46,11
1993/9/29,11,19,20,36,38,47,35
1993/10/2,7,18,25,34,39,47,16
1993/10/6,23,26,29,41,42,46,18
1993/10/9,2,8,10,12,23,44,40
1993/10/13,4,23,24,34,41,48,47
1993/10/16,4,7,20,32,45,48,23
1993/10/20,11,17,22,30,40,41,37
1993/10/23,3,22,31,32,33,39,5
1993/10/27,2,7,8,15,21,40,25
1993/10/30,5,13,22,23,28,38,7
1993/11/3,13,15,23,26,32,33,28
1993/11/6,7,8,13,16,17,36,41
1993/11/10,6,27,33,41,47,48,7
1993/11/13,5,6,12,13,34,45,22
1993/11/17,8,28,30,33,37,46,24
1993/11/20,12,15,25,34,37,49,42
1993/11/24,1,19,22,23,24,34,47
1993/11/27,11,14,16,19,44,46,2
1993/12/1,1,4,15,27,32,45,38
1993/12/4,25,29,30,32,33,42,31
1993/12/8,7,9,19,28,34,45,12
1993/12/11,9,15,32,37,42,46,41
1993/12/15,11,25,28,29,33,43,20
1993/12/18,5,22,25,27,30,44,14
1993/12/22,4,9,17,26,32,37,22
1993/12/25,1,7,13,24,40,46,45
1993/12/29,2,6,15,29,31,37,47
1994/1/1,5,11,25,29,38,39,23
1994/1/5,2,12,19,21,24,43,26
1994/1/8,1,4,22,23,34,35,37
1994/1/12,10,24,26,30,40,47,6
1994/1/15,11,15,27,30,46,49,19
1994/1/19,4,14,17,20,21,33,1
1994/1/22,4,13,30,37,41,46,6
1994/1/26,13,14,27,31,38,40,12
1994/1/29,5,8,37,42,47,48,49
1994/2/2,9,10,30,31,37,44,4
1994/2/5,1,2,13,17,31,41,22
1994/2/9,17,19,20,21,35,41,42
1994/2/12,2,12,27,36,39,41,1
1994/2/16,7,22,25,39,45,48,37
1994/2/19,10,14,21,36,37,38,47
1994/2/23,5,7,11,31,35,46,30
1994/2/26,1,11,26,28,30,31,10
1994/3/2,5,10,14,35,43,47,26
1994/3/5,2,10,25,38,41,42,7
1994/3/9,10,13,14,34,36,42,40
1994/3/12,1,15,24,36,37,43,13
1994/3/16,22,24,37,38,46,49,35
1994/3/19,12,13,15,37,38,42,23
1994/3/23,5,8,32,33,47,49,46
1994/3/26,11,13,20,29,34,49,30
1994/3/30,13,15,23,28,46,49,21
1994/4/2,8,31,33,34,45,46,37
1994/4/6,5,17,20,27,28,31,47
1994/4/9,4,9,30,31,45,49,32
1994/4/13,9,16,22,27,38,48,35
1994/4/16,9,10,18,21,25,47,45
1994/4/20,10,20,26,35,42,43,48
1994/4/23,8,12,18,24,30,44,22
1994/4/27,11,24,40,42,44,45,49
1994/4/30,4,11,17,28,30,32,23
1994/5/4,9,11,22,27,37,42,43
1994/5/7,2,5,7,9,21,24,22
1994/5/11,2,3,17,38,40,42,1
1994/5/14,8,22,29,42,46,48,39
1994/5/18,1,4,8,30,31,33,21
1994/5/21,4,10,25,33,36,46,30
1994/5/25,5,22,27,35,38,47,37
1994/5/28,11,16,35,37,46,49,34
1994/6/1,12,13,16,29,44,45,40
1994/6/4,13,17,33,39,42,46,29
1994/6/8,18,21,24,31,35,39,14
1994/6/11,10,13,31,32,39,46,18
1994/6/15,2,20,22,23,24,31,38
1994/6/18,2,3,31,36,46,48,7
1994/6/22,8,10,31,34,40,41,49
1994/6/25,9,14,21,26,27,35,38
1994/6/29,10,13,14,34,39,48,23
1994/7/2,12,24,28,34,35,42,14
1994/7/6,30,34,37,38,40,49,16
1994/7/9,17,30,33,42,45,48,43
1994/7/13,6,8,12,44,46,47,36
1994/7/16,21,27,28,32,38,42,22
1994/7/20,10,17,19,31,35,48,13
1994/7/23,4,11,16,26,28,38,47
1994/7/27,3,8,12,26,29,42,13
1994/7/30,10,21,22,35,42,45,26
1994/8/3,13,16,18,27,28,41,32
1994/8/6,3,8,11,12,21,48,43
1994/8/10,1,12,14,34,39,48,3
1994/8/13,8,9,16,18,22,37,33
1994/8/17,18,21,23,24,28,41,19
1994/8/20,14,18,26,31,34,40,5
1994/8/24,7,9,19,25,42,44,11
1994/8/27,1,7,14,18,26,33,10
1994/8/31,1,14,19,34,42,49,32
1994/9/3,1,2,34,35,45,47,49
1994/9/7,2,3,13,27,30,49,7
1994/9/10,3,7,8,21,27,37,40
1994/9/14,15,20,36,37,48,49,21
1994/9/17,4,20,31,35,43,46,36
1994/9/21,23,24,25,29,34,48,20
1994/9/24,8,11,14,18,25,43,37
1994/9/28,1,19,24,26,31,32,10
1994/10/1,7,12,13,19,20,27,2
1994/10/5,10,15,17,20,22,37,25
1994/10/8,9,19,31,32,38,40,8
1994/10/12,6,7,9,17,19,44,47
1994/10/15,10,11,32,36,45,46,43
1994/10/19,4,9,18,22,34,42,2
1994/10/22,6,9,14,29,38,46,5
1994/10/26,18,19,20,23,30,42,28
1994/10/29,11,13,18,33,39,41,31
1994/11/2,19,25,26,41,44,45,20
1994/11/5,6,7,16,22,37,38,11
1994/11/9,6,19,20,31,43,48,33
1994/11/12,21,28,35,40,45,47,19
1994/11/16,23,29,33,34,38,42,43
1994/11/19,6,14,23,27,38,40,21
1994/11/23,5,7,9,10,13,49,28
1994/11/26,9,13,14,31,45,46,33
1994/11/30,12,32,41,42,46,49,39
1994/12/3,2,14,31,36,44,49,25
1994/12/7,7,15,31,36,38,39,48
1994/12/10,9,15,27,33,36,39,35
1994/12/14,8,12,30,33,34,44,31
1994/12/17,11,23,30,39,40,41,16
1994/12/21,16,17,26,30,40,43,22
1994/12/24,1,10,18,19,27,42,44
1994/12/28,10,21,22,27,28,43,17
1994/12/31,10,12,30,32,34,38,39
1995/1/4,21,22,24,31,33,34,41
1995/1/7,5,7,11,30,43,49,15
1995/1/11,3,5,10,28,41,47,42
1995/1/14,15,25,30,33,45,46,1
1995/1/18,3,8,15,18,26,34,25
1995/1/21,6,9,13,23,26,41,37
1995/1/25,7,8,31,35,37,41,42
1995/1/28,2,7,8,20,28,34,46
1995/2/1,10,32,35,37,39,47,17
1995/2/4,2,22,25,26,32,46,17
1995/2/8,16,18,21,22,27,47,5
1995/2/11,6,17,23,28,35,47,45
1995/2/15,6,15,28,38,43,47,14
1995/2/18,6,19,27,33,43,47,41
1995/2/22,15,16,19,30,35,39,17
1995/2/25,6,9,13,31,35,47,16
1995/3/1,1,19,20,36,46,49,24
1995/3/4,6,10,12,39,41,49,35
1995/3/8,9,13,24,28,30,44,42
1995/3/11,10,31,32,35,38,46,45
1995/3/15,1,8,22,34,38,43,20
1995/3/18,5,8,24,32,47,48,1
1995/3/22,3,9,16,19,32,47,17
1995/3/25,17,18,34,41,43,48,47
1995/3/29,2,4,6,26,27,44,31
1995/4/1,18,20,21,30,34,46,25
1995/4/5,6,15,23,24,34,42,4
1995/4/8,4,8,36,41,45,46,18
1995/4/12,16,17,19,32,35,42,33
1995/4/15,2,6,8,17,25,40,23
1995/4/19,3,4,11,12,28,31,8
1995/4/22,5,19,30,33,36,39,23
1995/4/26,3,17,19,21,27,46,29
1995/4/29,1,3,8,11,22,30,5
1995/5/3,5,16,17,32,45,48,10
1995/5/6,3,7,13,17,32,48,14
1995/5/10,12,15,19,25,26,32,10
1995/5/13,1,9,23,34,37,43,6
1995/5/17,1,3,7,27,34,41,21
1995/5/20,5,12,24,29,38,41,47
1995/5/24,2,5,9,14,44,46,42
1995/5/27,18,19,29,31,35,43,10
1995/5/31,17,25,27,30,32,36,49
1995/6/3,19,33,34,35,40,41,12
1995/6/7,13,14,28,33,34,48,9
1995/6/10,6,10,23,40,46,49,36
1995/6/14,9,14,26,32,33,48,47
1995/6/17,5,6,14,32,44,45,21
1995/6/21,1,4,5,9,27,42,13
1995/6/24,4,13,15,19,30,46,43
1995/6/28,3,30,31,33,34,41,1
1995/7/1,7,9,20,26,32,38,25
1995/7/5,5,17,24,25,28,49,30
1995/7/8,7,18,20,27,42,48,3
1995/7/12,13,32,35,38,40,44,47
1995/7/15,5,11,17,25,34,49,23
1995/7/19,6,11,17,26,27,47,1
1995/7/22,9,12,27,30,36,37,13
1995/7/26,16,18,29,31,41,47,28
1995/7/29,8,13,16,37,39,46,34
1995/8/2,2,11,23,33,43,46,16
1995/8/5,13,21,27,30,38,43,39
1995/8/9,3,7,17,21,32,46,35
1995/8/12,16,18,20,30,32,42,11
1995/8/16,19,20,28,30,31,43,35
1995/8/19,7,24,36,40,46,48,27
1995/8/23,4,7,13,20,27,30,37
1995/8/26,1,16,23,32,35,45,10
1995/8/30,20,21,27,36,37,47,3
1995/9/2,4,12,28,31,45,46,6
1995/9/6,7,18,21,23,32,46,38
1995/9/9,2,6,12,18,38,42,28
1995/9/13,2,3,13,16,22,48,49
1995/9/16,7,10,30,36,38,49,25
1995/9/20,8,13,17,18,27,32,20
1995/9/23,3,5,21,32,43,46,4
1995/9/27,12,17,19,22,42,48,4
1995/9/30,12,13,18,19,36,48,23
1995/10/4,19,29,37,41,45,48,39
1995/10/7,12,17,23,32,44,49,42
1995/10/11,1,9,18,33,36,48,29
1995/10/14,9,17,29,38,39,42,4
1995/10/18,3,4,8,15,30,31,28
1995/10/21,4,25,33,35,40,45,26
1995/10/25,3,5,12,38,41,44,18
1995/10/28,8,19,27,34,36,45,3
1995/11/1,2,20,22,30,33,43,42
1995/11/4,20,30,40,41,43,44,32
1995/11/8,2,6,18,28,32,44,20
1995/11/11,6,9,21,31,40,42,30
1995/11/15,12,26,27,34,41,43,10
1995/11/18,16,21,22,26,35,49,13
1995/11/22,5,12,34,35,37,49,14
1995/11/25,3,5,8,9,37,38,29
1995/11/29,14,22,26,38,42,43,36
1995/12/2,9,19,21,23,31,49,22
1995/12/6,5,12,22,26,29,31,40
1995/12/9,8,14,15,21,48,49,34
1995/12/13,7,15,20,23,40,49,16
1995/12/16,4,7,21,36,39,40,8
1995/12/20,4,11,12,14,27,30,8
1995/12/23,4,6,8,22,23,25,12
1995/12/27,8,18,26,30,39,49,3
1995/12/30,7,15,23,27,30,49,32
1996/1/3,1,10,16,24,39,48,30
1996/1/6,2,5,9,18,34,41,27
1996/1/10,1,12,27,28,41,44,25
1996/1/13,3,5,11,19,29,40,8
1996/1/17,1,9,27,33,37,41,26
1996/1/20,6,19,28,35,38,42,45
1996/1/24,1,3,5,16,20,26,31
1996/1/27,8,13,26,28,34,37,19
1996/1/31,4,9,13,22,24,30,31
1996/2/3,17,31,36,38,45,49,11
1996/2/7,28,32,34,41,45,48,23
1996/2/10,13,24,27,31,46,48,9
1996/2/14,9,13,20,30,34,36,12
1996/2/17,4,7,15,34,37,41,46
1996/2/21,8,34,38,43,46,47,5
1996/2/24,8,13,24,28,32,41,18
1996/2/28,1,3,7,25,33,34,22
1996/3/2,2,3,24,25,43,45,18
1996/3/6,2,9,17,25,30,40,49
1996/3/9,4,7,10,13,39,46,49
1996/3/13,3,8,13,21,32,49,28
1996/3/16,12,17,19,23,24,40,14
1996/3/20,3,6,10,15,42,47,25
1996/3/23,9,15,26,40,43,48,41
1996/3/27,20,21,30,39,41,47,17
1996/3/30,4,22,25,44,46,48,3
1996/4/3,23,30,35,44,46,48,20
1996/4/6,5,7,21,34,38,45,10
1996/4/10,11,16,18,27,42,43,36
1996/4/13,3,15,21,30,34,47,37
1996/4/17,1,15,20,34,36,39,45
1996/4/20,1,16,17,30,44,49,37
1996/4/24,11,12,13,14,39,47,24
1996/4/27,10,23,38,42,44,49,19
1996/5/1,30,32,39,40,42,44,29
1996/5/4,27,38,39,43,44,49,34
1996/5/8,4,20,23,26,32,46,3
1996/5/11,13,18,21,31,38,44,3
1996/5/15,12,14,16,41,45,48,47
1996/5/18,16,39,40,44,48,49,29
1996/5/22,1,12,18,23,47,49,24
1996/5/25,11,12,20,21,39,45,32
1996/5/29,3,9,29,31,44,49,26
1996/6/1,2,3,9,16,27,43,21
1996/6/5,19,20,38,39,44,45,1
1996/6/8,5,15,40,41,45,49,27
1996/6/12,1,14,20,25,27,31,21
1996/6/15,7,20,23,27,38,41,5
1996/6/19,23,32,34,37,42,43,24
1996/6/22,3,28,36,37,43,47,20
1996/6/26,8,15,23,39,40,45,25
1996/6/29,8,9,14,27,40,49,5
1996/7/3,16,18,19,23,32,33,29
1996/7/6,7,13,21,22,33,38,30
1996/7/10,11,20,21,26,39,43,1
1996/7/13,1,2,10,24,29,39,30
1996/7/17,1,8,10,15,40,41,16
1996/7/20,3,5,8,37,38,46,24
1996/7/24,8,12,19,25,27,40,44
1996/7/27,21,26,27,34,40,48,39
1996/7/31,4,13,21,23,37,38,1
1996/8/3,5,12,31,33,39,49,22
1996/8/7,2,21,25,30,35,41,1
1996/8/10,4,14,15,19,23,38,49
1996/8/14,2,8,12,24,34,39,4
1996/8/17,1,19,24,33,44,45,48
1996/8/21,18,25,26,31,34,42,36
1996/8/24,12,28,32,43,47,48,16
1996/8/28,7,13,24,39,41,49,16
1996/8/31,1,5,8,14,38,45,25
1996/9/4,1,14,17,24,41,42,34
1996/9/7,11,14,15,21,30,32,37
1996/9/11,12,14,20,21,39,43,48
1996/9/14,1,15,27,29,35,47,39
1996/9/18,13,26,30,38,43,46,6
1996/9/21,2,3,13,17,23,42,31
1996/9/25,7,21,32,33,38,42,10
1996/9/28,20,30,32,39,41,42,26
1996/10/2,7,18,21,29,36,37,27
1996/10/5,5,22,30,31,37,38,23
1996/10/9,15,16,19,27,31,39,1
1996/10/12,8,20,38,40,42,44,10
1996/10/16,6,13,14,15,20,42,21
1996/10/19,5,13,19,31,40,43,11
1996/10/23,4,5,10,21,24,44,14
1996/10/26,1,8,9,14,37,45,10
1996/10/30,14,19,21,25,34,48,20
1996/11/2,10,16,17,23,36,48,19
1996/11/6,4,7,36,39,47,48,20
1996/11/9,7,21,25,31,42,47,20
1996/11/13,2,7,9,31,44,46,26
1996/11/16,2,12,21,34,41,43,36
1996/11/20,4,8,23,26,30,46,45
1996/11/23,3,5,6,8,14,48,1
1996/11/27,4,9,21,26,48,49,45
1996/11/30,4,13,21,23,30,40,3
1996/12/4,9,17,29,32,41,42,18
1996/12/7,2,6,27,35,41,42,4
1996/12/11,1,3,6,11,27,47,18
1996/12/14,14,15,32,38,40,46,3
1996/12/18,7,8,12,18,23,36,19
1996/12/21,9,12,23,33,41,47,5
1996/12/25,13,17,27,31,40,42,34
1996/12/28,8,21,22,31,33,45,39
1997/1/1,1,23,25,26,33,44,24
1997/1/4,23,28,33,38,47,49,9
1997/1/8,19,24,30,35,37,44,40
1997/1/11,4,13,17,28,44,47,23
1997/1/15,2,8,13,16,26,31,23
1997/1/18,8,10,18,31,41,48,39
1997/1/22,6,14,16,27,30,43,42
1997/1/25,6,27,30,31,34,47,35
1997/1/29,1,8,19,27,32,39,33
1997/2/1,4,8,23,35,40,46,5
1997/2/5,4,5,7,8,16,39,3
1997/2/8,20,21,25,31,43,45,2
1997/2/12,8,13,25,30,43,45,21
1997/2/15,6,9,16,27,46,48,38
1997/2/19,9,21,25,27,40,42,14
1997/2/22,1,3,7,13,39,46,4
1997/2/26,5,6,21,26,42,48,28
1997/3/1,11,24,28,40,46,47,39
1997/3/5,3,20,22,30,44,45,5
1997/3/8,13,31,32,40,45,48,16
1997/3/12,12,16,25,26,28,41,43
1997/3/15,5,21,29,31,45,49,41
1997/3/19,12,16,20,22,26,38,36
1997/3/22,4,15,20,27,41,45,40
1997/3/26,4,27,32,38,40,45,20
1997/3/29,9,20,27,34,38,46,35
1997/4/2,1,3,12,14,17,46,38
1997/4/5,2,3,15,19,44,45,34
1997/4/9,11,14,15,16,28,42,39
1997/4/12,11,15,27,39,43,44,4
1997/4/16,9,14,19,28,37,46,48
1997/4/19,4,14,18,35,36,48,27
1997/4/23,22,28,36,42,46,49,43
1997/4/26,3,14,19,26,35,45,37
1997/4/30,2,16,20,36,45,47,32
1997/5/3,2,8,16,31,34,36,13
1997/5/7,8,20,23,25,36,43,35
1997/5/10,3,5,6,20,29,33,9
1997/5/14,5,15,17,32,41,45,42
1997/5/17,11,21,25,27,28,37,9
1997/5/21,3,12,21,24,37,45,28
1997/5/24,13,23,26,27,30,44,1
1997/5/28,2,3,19,32,36,47,25
1997/5/31,3,8,13,30,37,47,46
1997/6/4,1,2,16,19,20,38,34
1997/6/7,1,4,10,22,27,42,5
1997/6/11,20,21,22,34,36,43,6
1997/6/14,7,16,18,25,32,33,40
1997/6/18,5,25,33,37,39,43,48
1997/6/21,17,21,25,26,33,48,3
1997/6/25,3,8,10,23,31,47,46
1997/6/28,3,10,19,27,32,33,8
1997/7/2,17,25,29,30,34,40,45
1997/7/5,2,3,11,14,27,30,38
1997/7/9,4,31,32,35,37,48,30
1997/7/12,12,16,20,23,36,47,38
1997/7/16,6,15,16,36,39,46,38
1997/7/19,4,5,25,37,39,44,17
1997/7/23,4,12,36,44,45,47,21
1997/7/26,14,19,22,24,35,47,12
1997/7/30,4,5,10,20,23,47,33
1997/8/2,1,7,14,16,32,41,24
1997/8/6,1,6,8,10,14,49,12
1997/8/9,1,2,5,11,17,19,27
1997/8/13,7,15,25,32,44,48,46
1997/8/16,3,4,6,20,31,35,19
1997/8/20,6,14,25,30,31,36,4
1997/8/23,28,29,36,39,45,46,11
1997/8/27,12,13,16,34,44,49,42
1997/8/30,16,19,22,34,37,40,45
1997/9/3,13,14,18,23,24,27,7
1997/9/6,13,23,27,39,41,49,24
1997/9/10,7,12,20,35,36,38,21
1997/9/13,6,11,20,24,38,42,8
1997/9/17,15,23,39,40,44,46,22
1997/9/20,9,11,32,38,39,40,48
1997/9/24,10,12,34,37,39,41,4
1997/9/27,2,10,23,31,39,49,5
1997/10/1,1,3,16,29,31,46,12
1997/10/4,23,26,29,31,33,42,44
1997/10/8,2,3,11,15,34,47,25
1997/10/11,2,3,14,17,25,49,27
1997/10/15,17,23,24,39,45,49,25
1997/10/18,10,13,16,21,26,35,38
1997/10/22,5,11,14,19,27,29,17
1997/10/25,1,11,22,28,30,43,6
1997/10/29,1,20,23,31,34,44,24
1997/11/1,3,17,18,21,23,28,39
1997/11/5,13,15,27,31,43,44,2
1997/11/8,11,15,16,25,31,44,30
1997/11/12,4,5,14,30,32,34,27
1997/11/15,11,28,29,34,38,40,48
1997/11/19,10,23,28,38,43,45,36
1997/11/22,10,15,25,31,33,35,8
1997/11/26,7,10,12,15,23,47,5
1997/11/29,3,4,5,9,14,18,11
1997/12/3,5,20,34,38,39,47,12
1997/12/6,5,6,18,23,28,47,9
1997/12/10,3,17,19,29,37,42,41
1997/12/13,2,16,22,23,36,45,48
1997/12/17,2,5,9,10,22,35,27
1997/12/20,7,13,18,26,27,47,2
1997/12/24,29,32,33,46,47,48,17
1997/12/27,6,12,24,29,34,45,17
1997/12/31,10,13,29,30,37,41,40
1998/1/3,6,20,24,33,42,47,25
1998/1/7,2,9,19,37,39,46,5
1998/1/10,3,6,9,16,30,49,11
1998/1/14,8,18,20,22,39,40,9
1998/1/17,5,14,23,28,34,47,18
1998/1/21,2,3,10,16,27,37,45
1998/1/24,5,9,14,21,25,42,7
1998/1/28,1,2,30,31,34,49,40
1998/1/31,6,10,26,28,37,42,17
1998/2/4,10,16,28,37,42,47,21
1998/2/7,7,18,20,21,32,40,11
1998/2/11,2,13,19,32,38,47,5
1998/2/14,4,10,16,21,33,36,24
1998/2/18,7,14,18,25,32,37,36
1998/2/21,6,22,25,26,37,43,28
1998/2/25,22,26,29,31,36,39,21
1998/2/28,7,20,22,23,44,49,18
1998/3/4,8,12,17,28,38,40,20
1998/3/7,26,34,36,41,46,48,44
1998/3/11,3,6,8,30,40,43,20
1998/3/14,6,7,19,34,36,41,49
1998/3/18,15,23,28,39,45,48,2
1998/3/21,8,12,15,23,38,45,20
1998/3/25,1,7,9,11,37,40,23
1998/3/28,16,22,27,29,36,42,26
1998/4/1,5,20,29,42,45,49,28
1998/4/4,8,12,33,36,40,45,13
1998/4/8,9,12,15,29,32,37,48
1998/4/11,8,29,34,37,39,47,12
1998/4/15,10,12,27,31,37,42,25
1998/4/18,2,23,24,28,31,35,29
1998/4/22,8,19,35,42,43,48,29
1998/4/25,2,8,20,28,39,40,21
1998/4/29,3,17,28,30,47,48,35
1998/5/2,5,12,13,15,30,49,22
1998/5/6,7,17,24,32,34,43,13
1998/5/9,7,14,27,32,46,49,33
1998/5/13,4,15,23,30,35,49,41
1998/5/16,4,20,25,28,35,42,31
1998/5/20,10,11,20,22,31,39,21
1998/5/23,1,21,26,31,32,47,25
1998/5/27,4,9,15,20,37,43,47
1998/5/30,1,5,12,13,16,21,20
1998/6/3,2,27,32,35,41,47,4
1998/6/6,5,6,31,33,44,49,43
1998/6/10,1,2,6,10,16,21,19
1998/6/13,12,16,20,27,43,44,41
1998/6/17,6,15,23,30,34,43,5
1998/6/20,2,6,16,24,34,38,8
1998/6/24,1,5,22,42,47,49,20
1998/6/27,6,20,26,40,42,46,5
1998/7/1,9,12,25,31,36,48,39
1998/7/4,2,19,23,29,46,47,40
1998/7/8,10,26,28,35,38,39,3
1998/7/11,10,13,27,28,31,49,47
1998/7/15,5,31,37,38,43,49,14
1998/7/18,6,16,17,23,34,35,49
1998/7/22,2,3,22,31,34,45,37
1998/7/25,10,11,33,38,39,45,44
1998/7/29,1,4,14,21,22,29,31
1998/8/1,10,11,19,34,45,46,28
1998/8/5,1,4,14,17,31,44,27
1998/8/8,3,20,21,33,35,45,26
1998/8/12,15,16,38,39,41,45,8
1998/8/15,12,13,15,37,41,49,45
1998/8/19,1,4,8,9,47,48,24
1998/8/22,12,17,21,23,38,44,14
1998/8/26,1,4,22,26,37,47,7
1998/8/29,8,20,22,36,47,49,45
1998/9/2,9,20,26,34,44,49,18
1998/9/5,4,6,29,32,33,38,1
1998/9/9,10,30,37,44,47,49,11
1998/9/12,5,9,10,15,21,41,42
1998/9/16,8,21,23,29,30,37,3
1998/9/19,13,15,26,32,34,36,33
1998/9/23,1,13,26,28,29,41,43
1998/9/26,13,15,28,31,35,45,4
1998/9/30,10,15,22,25,32,34,37
1998/10/3,1,6,17,20,33,44,26
1998/10/7,1,6,14,18,25,34,41
1998/10/10,3,8,21,23,33,49,37
1998/10/14,6,22,28,32,42,45,10
1998/10/17,10,14,15,17,23,25,26
1998/10/21,4,8,15,30,41,45,26
1998/10/24,19,20,21,27,34,43,3
1998/10/28,9,10,23,35,42,49,28
1998/10/31,3,11,24,37,38,39,42
1998/11/4,15,20,21,22,26,35,31
1998/11/7,14,27,31,38,45,47,44
1998/11/11,3,5,6,12,14,30,19
1998/11/14,4,21,23,31,43,45,25
1998/11/18,1,2,6,22,36,47,41
1998/11/21,2,9,21,24,35,46,5
1998/11/25,6,16,17,28,45,49,3
1998/11/28,3,22,25,33,39,41,21
1998/12/2,1,3,5,6,24,39,16
1998/12/5,4,12,15,18,19,32,27
1998/12/9,17,18,19,36,41,42,25
1998/12/12,10,11,20,29,43,45,39
1998/12/16,11,12,16,19,26,37,33
1998/12/19,6,12,17,26,38,44,14
1998/12/23,3,15,17,18,24,44,23
1998/12/26,2,8,10,14,18,44,23
1998/12/30,10,13,16,19,25,31,23
1999/1/2,6,28,33,34,36,48,27
1999/1/6,6,11,30,36,37,48,24
1999/1/9,1,3,18,23,24,35,29
1999/1/13,1,2,6,10,14,29,3
1999/1/16,1,3,5,27,30,45,4
1999/1/20,1,10,16,38,44,45,20
1999/1/23,4,5,9,17,30,41,20
1999/1/27,12,29,38,46,48,49,7
1999/1/30,4,22,23,38,42,43,49
1999/2/3,10,17,19,23,25,35,6
1999/2/6,6,11,20,28,33,49,47
1999/2/10,9,26,32,41,48,49,7
1999/2/13,7,12,30,35,44,49,39
1999/2/17,8,15,27,40,45,46,34
1999/2/20,9,16,27,28,32,45,43
1999/2/24,2,17,19,20,26,41,11
1999/2/27,12,24,25,29,39,42,3
1999/3/3,2,3,5,10,26,27,35
1999/3/6,14,32,35,47,48,49,13
1999/3/10,7,9,10,13,15,34,47
1999/3/13,5,24,30,33,37,40,31
1999/3/17,7,9,12,30,41,44,24
1999/3/20,2,12,16,19,36,37,18
1999/3/24,22,26,32,38,45,46,10
1999/3/27,15,21,32,34,36,38,13
1999/3/31,3,12,18,28,31,36,14
1999/4/3,11,22,24,31,32,36,2
1999/4/7,2,25,38,42,45,48,20
1999/4/10,4,23,33,34,36,47,16
1999/4/14,17,20,28,34,40,42,11
1999/4/17,24,28,29,31,36,40,25
1999/4/21,13,20,22,32,39,43,5
1999/4/24,2,9,16,35,41,48,29
1999/4/28,11,14,16,17,19,26,35
1999/5/1,6,12,18,20,30,45,40
1999/5/5,1,26,29,37,40,43,38
1999/5/8,3,4,9,24,46,49,8
1999/5/12,2,5,18,29,35,37,24
1999/5/15,2,14,28,30,38,45,1
1999/5/19,2,5,18,36,37,47,13
1999/5/22,2,8,12,27,37,39,11
1999/5/26,14,16,31,34,36,44,13
1999/5/29,2,10,12,15,18,36,14
1999/6/2,3,14,22,37,46,48,43
1999/6/5,13,23,24,37,46,47,10
1999/6/9,9,12,22,26,29,32,4
1999/6/12,10,22,37,38,41,42,43
1999/6/16,9,11,12,17,33,42,30
1999/6/19,10,29,31,32,38,47,21
1999/6/23,9,15,22,37,40,49,33
1999/6/26,5,21,29,30,36,42,11
1999/6/30,5,20,26,34,37,46,12
1999/7/3,2,5,11,15,31,36,41
1999/7/7,12,16,20,26,43,44,24
1999/7/10,17,23,30,36,48,49,42
1999/7/14,5,9,12,42,48,49,36
1999/7/17,8,14,39,41,42,49,13
1999/7/21,4,7,12,17,24,32,21
1999/7/24,4,7,10,25,35,38,13
1999/7/28,7,24,28,37,48,49,8
1999/7/31,5,14,26,31,38,48,6
1999/8/4,4,11,19,21,23,40,44
1999/8/7,4,10,23,25,39,42,11
1999/8/11,19,27,33,41,43,46,42
1999/8/14,6,8,12,13,18,46,3
1999/8/18,4,7,13,31,36,37,28
1999/8/21,11,14,16,21,32,39,36
1999/8/25,4,19,27,28,32,36,15
1999/8/28,17,26,36,39,44,47,4
1999/9/1,1,10,17,20,33,45,8
1999/9/4,2,12,40,42,45,47,28
1999/9/8,9,18,22,25,42,49,44
1999/9/11,2,3,6,15,39,44,33
1999/9/15,3,5,13,20,27,29,36
1999/9/18,4,7,25,30,42,47,41
1999/9/22,2,11,24,29,42,46,23
1999/9/25,2,19,36,45,46,47,22
1999/9/29,3,4,13,34,35,36,49
1999/10/2,13,20,23,31,44,49,17
1999/10/6,15,19,27,29,42,48,22
1999/10/9,1,2,14,25,41,44,39
1999/10/13,24,37,41,44,45,47,31
1999/10/16,15,16,23,38,41,46,40
1999/10/20,5,14,17,32,40,46,42
1999/10/23,9,19,36,40,42,48,22
1999/10/27,2,3,22,32,33,34,5
1999/10/30,18,20,27,34,39,43,21
1999/11/3,5,26,30,34,41,44,4
1999/11/6,15,16,22,33,34,43,11
1999/11/10,2,8,20,28,41,42,25
1999/11/13,5,14,20,22,40,43,38
1999/11/17,21,26,27,32,42,44,17
1999/11/20,2,10,14,24,31,45,23
1999/11/24,1,19,22,29,35,48,16
1999/11/27,8,11,14,34,41,42,1
1999/12/1,6,9,12,21,27,32,10
1999/12/4,3,8,9,33,39,49,35
1999/12/8,7,14,24,27,29,49,5
1999/12/11,4,9,11,16,17,44,31
1999/12/15,2,20,24,25,35,45,14
1999/12/18,7,32,35,36,47,48,15
1999/12/22,22,23,32,34,36,47,45
1999/12/25,2,8,42,45,47,49,28
1999/12/29,6,10,15,17,28,44,49
2000/1/1,2,34,36,41,43,45,4
2000/1/5,3,12,22,35,40,47,19
2000/1/8,6,16,27,30,34,35,13
2000/1/12,6,14,20,32,37,44,24
2000/1/15,1,9,15,26,47,48,13
2000/1/19,2,6,27,40,41,47,37
2000/1/22,4,14,18,36,39,44,11
2000/1/26,12,17,25,44,45,47,43
2000/1/29,6,7,22,33,36,40,9
2000/2/2,8,20,34,36,41,43,31
2000/2/5,4,20,24,44,46,47,14
2000/2/9,3,11,16,24,36,49,45
2000/2/12,7,22,25,35,40,42,11
2000/2/16,11,18,25,28,34,44,14
2000/2/19,7,9,13,25,27,47,14
2000/2/23,1,5,29,32,37,43,44
2000/2/26,3,5,10,41,43,45,8
2000/3/1,4,10,14,19,22,27,18
2000/3/4,10,14,16,19,23,36,2
2000/3/8,11,21,27,29,39,45,34
2000/3/11,3,12,26,34,37,41,38
2000/3/15,4,5,26,29,30,34,22
2000/3/18,4,16,19,26,35,43,47
2000/3/22,3,8,17,24,27,43,10
2000/3/25,10,30,31,35,43,44,46
2000/3/29,10,11,12,19,41,48,34
2000/4/1,3,16,32,39,46,49,19
2000/4/5,5,9,12,20,25,27,39
2000/4/8,5,10,24,27,30,45,2
2000/4/12,10,29,34,42,46,47,40
2000/4/15,1,18,25,41,47,48,3
2000/4/19,12,16,32,44,47,49,42
2000/4/22,7,14,20,24,28,39,31
2000/4/26,5,24,28,35,38,42,36
2000/4/29,1,6,19,25,33,48,27
2000/5/3,12,19,33,36,40,44,24
2000/5/6,11,12,19,34,36,45,6
2000/5/10,13,19,23,40,45,49,15
2000/5/13,2,10,11,27,33,37,7
2000/5/17,1,13,23,36,37,48,16
2000/5/20,3,5,8,14,27,31,18
2000/5/24,22,23,24,27,30,45,33
2000/5/27,11,14,18,27,30,42,22
2000/5/31,2,5,11,25,32,34,39
2000/6/3,4,8,18,32,38,45,30
2000/6/7,7,10,27,42,43,47,44
2000/6/10,1,4,16,22,32,37,33
2000/6/14,5,6,21,26,33,40,22
2000/6/17,5,7,9,33,41,48,43
2000/6/21,11,15,29,31,34,46,7
2000/6/24,1,17,21,27,40,44,36
2000/6/28,3,13,22,23,24,25,7
2000/7/1,10,15,17,20,31,44,4
2000/7/5,11,15,19,27,40,48,16
2000/7/8,5,10,12,38,40,41,11
2000/7/12,16,21,31,35,42,44,25
2000/7/15,4,20,28,34,42,49,25
2000/7/19,15,17,32,42,43,45,9
2000/7/22,1,12,18,23,42,47,26
2000/7/26,2,3,25,37,39,40,46
2000/7/29,5,12,19,35,37,43,2
2000/8/2,2,3,12,27,31,47,11
2000/8/5,11,33,37,40,45,46,17
2000/8/9,9,21,39,42,45,49,25
2000/8/12,3,13,14,18,29,40,48
2000/8/16,10,15,16,32,33,41,9
2000/8/19,2,11,14,22,25,34,6
2000/8/23,6,8,14,17,32,47,10
2000/8/26,10,23,35,41,43,47,16
2000/8/30,18,19,29,40,43,49,13
2000/9/2,4,6,12,27,28,46,18
2000/9/6,20,27,31,40,42,45,32
2000/9/9,9,11,19,22,24,42,12
2000/9/13,2,10,27,29,31,49,46
2000/9/16,15,20,36,37,46,49,45
2000/9/20,3,6,21,30,36,40,14
2000/9/23,2,20,22,31,37,49,27
2000/9/27,1,24,29,35,40,45,34
2000/9/30,15,18,20,24,31,41,1
2000/10/4,7,14,19,40,43,49,13
2000/10/7,6,24,25,40,41,44,16
2000/10/11,5,6,21,35,38,46,15
2000/10/14,1,10,14,19,38,45,18
2000/10/18,2,9,11,23,27,45,17
2000/10/21,38,43,44,45,46,47,17
2000/10/25,7,12,16,29,37,43,49
2000/10/28,3,10,23,40,43,46,42
2000/11/1,9,13,21,23,36,47,15
2000/11/4,5,6,11,20,25,47,34
2000/11/8,12,21,33,39,47,49,46
2000/11/11,21,26,29,42,44,49,33
2000/11/15,24,25,28,36,37,42,40
2000/11/18,5,9,23,28,29,48,26
2000/11/22,4,32,36,37,40,49,42
2000/11/25,12,23,24,31,45,46,33
2000/11/29,6,13,23,24,31,42,27
2000/12/2,3,6,20,24,36,47,34
2000/12/6,2,14,21,25,32,47,22
2000/12/9,9,19,21,30,38,40,33
2000/12/13,14,16,18,19,34,40,45
2000/12/16,4,17,27,33,34,45,42
2000/12/20,13,41,42,45,46,49,48
2000/12/23,11,15,24,30,31,33,25
2000/12/27,6,9,17,33,43,45,37
2000/12/30,7,9,17,27,31,48,41
2001/1/3,5,7,12,37,39,46,22
2001/1/6,17,30,37,41,43,48,34
2001/1/10,17,25,40,42,45,49,33
2001/1/13,3,5,33,40,45,46,21
2001/1/17,3,9,11,28,29,47,37
2001/1/20,4,9,10,19,26,36,30
2001/1/24,14,25,26,33,36,44,7
2001/1/27,26,30,32,37,41,47,8
2001/1/31,3,19,29,34,38,45,40
2001/2/3,15,17,21,22,43,45,34
2001/2/7,9,23,29,38,39,43,45
2001/2/10,9,11,36,38,46,47,12
2001/2/14,12,13,14,32,41,43,6
2001/2/17,9,13,27,28,38,42,20
2001/2/21,5,10,23,36,40,44,18
2001/2/24,5,12,25,34,35,45,36
2001/2/28,6,9,17,18,20,39,27
2001/3/3,1,2,4,18,28,35,8
2001/3/7,19,20,22,24,38,42,41
2001/3/10,5,7,8,12,23,28,39
2001/3/14,6,20,31,36,38,44,4
2001/3/17,9,17,19,22,29,37,24
2001/3/21,4,20,21,27,42,47,43
2001/3/24,1,27,31,33,35,47,41
2001/3/28,12,19,32,34,39,43,35
2001/3/31,1,12,13,28,32,44,47
2001/4/4,1,16,17,24,31,32,15
2001/4/7,2,11,25,27,40,44,28
2001/4/11,2,8,11,24,30,36,5
2001/4/14,3,12,14,30,33,40,36
2001/4/18,11,16,20,25,46,48,5
2001/4/21,16,17,19,27,30,37,6
2001/4/25,11,18,20,27,39,46,45
2001/4/28,9,15,26,28,33,39,8
2001/5/2,1,31,38,43,45,46,40
2001/5/5,19,20,23,39,40,43,47
2001/5/9,3,5,7,10,30,43,23
2001/5/12,3,6,25,26,42,44,2
2001/5/16,11,17,29,34,37,45,19
2001/5/19,7,8,18,29,34,44,37
2001/5/23,5,9,15,21,42,43,32
2001/5/26,2,19,25,30,41,45,21
2001/5/30,9,11,12,22,37,48,8
2001/6/2,5,6,11,17,29,37,32
2001/6/6,3,10,17,22,24,40,46
2001/6/9,1,14,23,25,30,41,43
2001/6/13,7,18,22,30,36,43,24
2001/6/16,14,19,20,21,24,28,32
2001/6/20,2,3,13,17,23,32,39
2001/6/23,3,15,24,36,42,47,49
2001/6/27,1,3,19,27,30,48,11
2001/6/30,3,8,15,32,46,48,44
2001/7/4,3,5,9,31,40,41,47
2001/7/7,5,17,29,31,33,46,20
2001/7/11,9,23,27,31,35,48,1
2001/7/14,8,21,25,35,40,41,5
2001/7/18,5,10,13,19,22,47,30
2001/7/21,1,11,22,27,33,49,10
2001/7/25,6,8,13,24,34,46,12
2001/7/28,15,26,29,41,46,48,23
2001/8/1,6,33,39,41,42,44,25
2001/8/4,1,11,15,33,36,49,5
2001/8/8,16,19,29,35,36,38,47
2001/8/11,12,14,16,23,24,45,11
2001/8/15,14,22,27,32,40,47,26
2001/8/18,5,19,26,29,40,42,14
2001/8/22,5,13,15,28,31,34,18
2001/8/25,1,7,18,23,29,43,4
2001/8/29,7,9,22,23,37,42,36
2001/9/1,7,8,18,23,47,48,49
2001/9/5,8,9,21,34,42,43,5
2001/9/8,4,22,25,27,39,45,31
2001/9/12,7,15,34,38,43,45,29
2001/9/15,4,22,24,32,42,43,18
2001/9/19,10,24,25,30,40,48,21
2001/9/22,10,19,27,29,33,36,23
2001/9/26,2,6,12,17,39,47,8
2001/9/29,2,11,16,18,21,33,5
2001/10/3,19,20,22,28,40,42,1
2001/10/6,1,18,27,28,43,47,11
2001/10/10,9,25,42,43,46,47,16
2001/10/13,14,17,22,32,36,49,16
2001/10/17,18,21,25,34,36,45,11
2001/10/20,9,10,22,38,43,44,20
2001/10/24,4,12,21,26,43,46,16
2001/10/27,18,21,25,26,32,48,38
2001/10/31,12,15,29,30,45,47,8
2001/11/3,4,8,14,26,29,43,16
2001/11/7,2,5,13,18,29,42,35
2001/11/10,3,13,17,26,33,35,23
2001/11/14,1,20,27,42,46,48,32
2001/11/17,4,15,21,31,41,49,43
2001/11/21,2,8,12,18,24,35,43
2001/11/24,2,7,21,33,39,46,15
2001/11/28,1,21,29,42,45,47,8
2001/12/1,2,3,6,7,18,36,14
2001/12/5,10,13,31,43,47,48,44
2001/12/8,2,3,4,18,28,43,15
2001/12/12,18,30,31,32,43,44,37
2001/12/15,1,8,18,31,34,37,27
2001/12/19,10,17,19,20,25,35,11
2001/12/22,14,27,34,38,44,45,24
2001/12/26,3,6,9,10,13,20,29
2001/12/29,25,26,34,36,43,46,9
2002/1/2,8,9,15,22,26,39,30
2002/1/5,4,19,20,35,41,46,27
2002/1/9,8,12,15,23,28,39,43
2002/1/12,1,7,13,30,34,36,38
2002/1/16,13,17,18,28,37,44,32
2002/1/19,7,9,22,35,40,47,36
2002/1/23,1,7,8,33,40,44,28
2002/1/26,3,27,31,34,35,40,22
2002/1/30,2,4,6,11,37,47,22
2002/2/2,11,17,22,26,43,48,27
2002/2/6,1,5,14,15,20,43,32
2002/2/9,7,14,20,30,35,36,10
2002/2/13,1,2,6,24,40,47,7
2002/2/16,16,29,34,40,46,48,3
2002/2/20,4,15,21,29,30,35,8
2002/2/23,7,28,38,39,44,48,6
2002/2/27,4,7,16,36,39,40,13
2002/3/2,3,11,13,28,40,47,16
2002/3/6,7,18,20,26,28,31,13
2002/3/9,4,6,16,38,44,45,9
2002/3/13,12,14,20,23,43,47,3
2002/3/16,2,17,24,26,35,47,41
2002/3/20,3,11,12,17,29,41,23
2002/3/23,2,4,9,31,36,40,3
2002/3/27,17,26,30,34,43,48,46
2002/3/30,1,18,26,34,42,48,7
2002/4/3,3,8,29,40,43,44,17
2002/4/6,1,11,14,18,20,38,37
2002/4/10,3,5,24,26,33,46,11
2002/4/13,15,27,35,38,44,46,23
2002/4/17,19,35,36,39,44,48,11
2002/4/20,18,20,27,32,34,36,3
2002/4/24,7,22,35,36,41,49,40
2002/4/27,3,8,12,36,40,47,21
2002/5/1,1,6,25,31,33,43,49
2002/5/4,15,23,38,39,44,49,18
2002/5/8,1,10,30,37,44,49,39
2002/5/11,9,33,36,40,46,47,35
2002/5/15,1,4,14,20,41,44,9
2002/5/18,13,15,24,34,42,47,23
2002/5/22,4,8,9,26,34,43,48
2002/5/25,12,28,31,34,36,42,30
2002/5/29,2,6,8,15,24,44,21
2002/6/1,7,8,12,37,46,48,41
2002/6/5,1,2,9,15,20,38,13
2002/6/8,2,12,19,38,43,48,13
2002/6/12,3,4,15,18,34,47,45
2002/6/15,20,29,38,39,42,46,23
2002/6/19,5,10,34,35,36,45,18
2002/6/22,12,15,18,23,24,46,9
2002/6/26,2,10,20,25,44,48,27
2002/6/29,8,22,41,43,48,49,46
2002/7/3,25,27,28,36,37,40,17
2002/7/6,10,21,23,28,31,39,7
2002/7/10,1,5,7,10,26,49,19
2002/7/13,19,27,29,30,40,45,4
2002/7/17,3,10,16,36,39,46,42
2002/7/20,9,26,28,30,37,41,11
2002/7/24,2,4,8,15,22,49,31
2002/7/27,1,5,13,22,28,43,9
2002/7/31,9,11,27,33,40,42,25
2002/8/3,4,14,24,27,30,40,38
2002/8/7,2,16,21,22,28,47,18
2002/8/10,13,16,18,27,43,45,25
2002/8/14,11,28,33,37,40,46,16
2002/8/17,14,20,22,41,43,49,16
2002/8/21,4,7,13,25,37,45,33
2002/8/24,2,7,21,43,44,46,29
2002/8/28,2,11,20,29,30,48,38
2002/8/31,6,7,10,11,14,47,28
2002/9/4,2,8,10,14,31,39,30
2002/9/7,3,4,8,12,24,28,31
2002/9/11,2,8,12,15,28,49,21
2002/9/14,6,16,23,31,34,39,24
2002/9/18,4,14,39,42,46,48,26
2002/9/21,3,19,29,34,35,36,11
2002/9/25,2,24,33,34,36,37,48
2002/9/28,5,16,17,31,38,45,1
2002/10/2,1,14,16,18,38,49,13
2002/10/5,12,13,16,20,24,26,1
2002/10/9,12,21,23,26,34,47,3
2002/10/12,6,18,23,24,28,46,38
2002/10/16,2,14,23,36,46,47,25
2002/10/19,10,14,20,28,32,40,33
2002/10/23,7,11,24,29,32,36,42
2002/10/26,5,6,14,29,33,47,43
2002/10/30,5,6,13,22,29,46,8
2002/11/2,4,8,11,21,27,48,3
2002/11/6,2,8,19,31,43,48,46
2002/11/9,12,13,30,31,44,49,45
2002/11/13,6,7,16,25,40,48,17
2002/11/16,20,24,26,27,33,41,8
2002/11/20,21,29,32,38,40,42,47
2002/11/23,7,10,15,19,24,29,25
2002/11/27,7,9,11,26,35,48,28
2002/11/30,1,2,12,30,37,43,47
2002/12/4,1,3,4,11,34,40,47
2002/12/7,1,14,26,30,33,38,21
2002/12/11,5,8,13,37,40,43,26
2002/12/14,7,19,21,30,36,44,39
2002/12/18,10,11,26,34,40,44,5
2002/12/21,26,29,35,45,48,49,27
2002/12/25,1,17,19,22,36,44,21
2002/12/28,12,14,15,27,28,39,34
2003/1/1,2,5,32,34,38,49,7
2003/1/4,5,13,21,30,37,46,18
2003/1/8,1,2,12,16,28,41,11
2003/1/11,5,9,26,28,32,41,40
2003/1/15,15,17,25,36,38,45,14
2003/1/18,4,6,11,25,30,44,21
2003/1/22,18,22,26,29,35,37,24
2003/1/25,9,14,17,32,39,49,36
2003/1/29,1,6,29,34,41,46,10
2003/2/1,1,5,29,43,44,48,16
2003/2/5,7,9,33,35,45,47,36
2003/2/8,15,23,24,28,30,41,5
2003/2/12,8,23,29,34,40,47,4
2003/2/15,3,11,12,25,32,38,36
2003/2/19,3,24,27,29,32,45,6
2003/2/22,2,6,17,34,46,48,49
2003/2/26,1,5,18,19,24,28,30
2003/3/1,5,17,22,34,40,47,45
2003/3/5,6,8,19,27,45,46,34
2003/3/8,8,20,22,24,33,44,30
2003/3/12,16,18,21,22,32,33,5
2003/3/15,7,15,29,33,40,45,39
2003/3/19,2,20,30,43,44,47,4
2003/3/22,5,24,31,37,38,47,10
2003/3/26,4,6,7,18,46,47,36
2003/3/29,5,7,18,30,37,46,19
2003/4/2,1,25,32,33,34,35,7
2003/4/5,15,21,31,36,44,49,5
2003/4/9,8,10,15,16,31,46,25
2003/4/12,5,7,9,25,28,48,27
2003/4/16,8,18,21,26,42,48,31
2003/4/19,4,12,40,43,48,49,27
2003/4/23,6,9,14,29,34,45,49
2003/4/26,3,17,20,30,32,35,6
2003/4/30,6,7,19,29,43,47,24
2003/5/3,5,12,31,35,37,46,9
2003/5/7,4,20,28,33,43,48,8
2003/5/10,5,13,15,20,24,42,41
2003/5/14,7,32,37,38,44,45,40
2003/5/17,11,17,29,39,41,48,25
2003/5/21,3,7,16,26,38,47,10
2003/5/24,6,12,15,25,31,47,46
2003/5/28,6,16,20,29,33,45,39
2003/5/31,14,18,22,23,31,45,32
2003/6/4,18,19,29,33,40,47,43
2003/6/7,17,20,23,30,40,47,11
2003/6/11,3,9,24,37,46,49,14
2003/6/14,7,8,21,22,27,29,47
2003/6/18,1,11,29,30,42,44,10
2003/6/21,12,22,25,34,39,40,32
2003/6/25,10,14,15,27,41,47,36
2003/6/28,7,9,19,20,25,44,34
2003/7/2,5,8,12,14,25,37,6
2003/7/5,4,15,26,37,41,45,40
2003/7/9,4,6,9,13,46,48,31
2003/7/12,4,8,13,21,29,35,3
2003/7/16,14,21,26,33,35,46,42
2003/7/19,4,13,33,36,41,47,46
2003/7/23,2,7,15,36,37,49,9
2003/7/26,11,22,26,35,41,46,8
2003/7/30,4,6,12,18,41,48,8
2003/8/2,6,13,23,26,33,34,7
2003/8/6,4,16,27,31,37,38,44
2003/8/9,5,7,10,13,27,29,43
2003/8/13,5,6,13,16,27,30,44
2003/8/16,11,15,17,19,32,39,30
2003/8/20,12,16,20,29,36,47,24
2003/8/23,2,6,19,27,35,47,1
2003/8/27,7,14,20,23,38,46,32
2003/8/30,3,6,37,38,45,47,11
2003/9/3,13,15,16,18,26,33,9
2003/9/6,11,27,41,45,46,49,22
2003/9/10,1,15,24,34,40,48,12
2003/9/13,12,21,26,37,43,49,25
2003/9/17,6,11,13,30,31,37,34
2003/9/20,1,6,23,35,36,39,18
2003/9/24,3,5,11,34,38,47,25
2003/9/27,7,8,16,37,43,44,15
2003/10/1,1,11,17,41,42,45,13
2003/10/4,3,28,29,32,37,45,34
2003/10/8,3,11,18,34,37,41,5
2003/10/11,6,9,21,25,27,32,13
2003/10/15,1,10,14,16,25,39,46
2003/10/18,10,25,26,38,46,49,37
2003/10/22,11,17,26,31,40,44,34
2003/10/25,8,13,16,19,33,49,26
2003/10/29,8,9,22,29,37,49,33
2003/11/1,8,18,29,31,41,43,34
2003/11/5,5,6,13,34,35,43,18
2003/11/8,2,23,28,43,47,49,29
2003/11/12,3,4,41,44,45,48,18
2003/11/15,18,27,33,34,44,47,42
2003/11/19,9,10,13,23,28,29,33
2003/11/22,2,16,25,34,37,48,13
2003/11/26,3,5,7,25,40,47,42
2003/11/29,13,17,26,27,29,45,6
2003/12/3,3,11,27,31,33,35,1
2003/12/6,7,21,31,38,42,48,14
2003/12/10,2,13,14,24,29,42,17
2003/12/13,5,7,10,30,34,35,1
2003/12/17,5,14,17,25,34,44,11
2003/12/20,4,18,20,31,39,48,9
2003/12/24,5,12,21,28,30,45,38
2003/12/27,5,9,17,31,37,44,3
2003/12/31,13,14,17,20,39,40,23
2004/1/3,9,13,24,36,44,45,30
2004/1/7,2,6,13,20,42,48,37
2004/1/10,13,16,18,21,32,33,26
2004/1/14,1,7,12,24,44,49,5
2004/1/17,2,12,25,40,41,47,14
2004/1/21,1,7,26,40,43,45,46
2004/1/24,3,8,17,20,26,47,38
2004/1/28,3,14,20,23,25,45,12
2004/1/31,1,20,23,36,38,49,7
2004/2/4,8,22,37,38,45,47,43
2004/2/7,3,14,26,27,35,44,28
2004/2/11,4,10,14,19,21,28,12
2004/2/14,1,5,12,17,31,44,36
2004/2/18,21,22,26,27,40,47,3
2004/2/21,4,5,26,33,38,44,49
2004/2/25,1,9,25,27,37,40,45
2004/2/28,3,15,17,26,27,46,38
2004/3/3,1,2,7,16,43,44,20
2004/3/6,12,17,25,26,43,44,2
2004/3/10,2,17,35,41,46,48,5
2004/3/13,9,27,32,38,39,49,46
2004/3/17,2,23,25,33,34,41,3
2004/3/20,9,13,21,25,38,41,33
2004/3/24,5,15,19,24,26,46,43
2004/3/27,7,19,31,43,45,49,36
2004/3/31,2,3,17,18,19,46,30
2004/4/3,3,17,22,25,40,46,27
2004/4/7,1,10,18,20,30,40,34
2004/4/10,20,33,36,45,46,47,39
2004/4/14,9,12,14,19,31,43,32
2004/4/17,11,13,18,20,24,29,8
2004/4/21,12,24,32,36,39,47,43
2004/4/24,4,6,15,22,23,27,25
2004/4/28,16,30,36,39,45,47,22
2004/5/1,8,21,24,26,34,38,14
2004/5/5,5,13,16,20,28,31,4
2004/5/8,4,7,24,39,43,44,23
2004/5/12,1,10,26,29,40,45,18
2004/5/15,21,24,30,32,40,41,7
2004/5/19,5,16,24,26,46,48,11
2004/5/22,1,11,12,15,32,46,20
2004/5/26,14,35,37,44,46,48,13
2004/5/29,24,29,30,31,34,46,38
2004/6/2,1,4,20,21,26,43,7
2004/6/5,12,13,17,26,43,45,11
2004/6/9,7,23,24,27,41,42,49
2004/6/12,4,10,28,29,30,46,2
2004/6/16,4,22,30,39,46,47,49
2004/6/19,1,33,40,41,45,48,46
2004/6/23,4,6,15,22,27,40,26
2004/6/26,1,7,8,10,18,36,42
2004/6/30,2,21,31,32,41,49,7
2004/7/3,1,11,14,20,31,40,26
2004/7/7,2,7,26,35,39,43,17
2004/7/10,4,26,30,31,48,49,23
2004/7/14,7,19,32,35,36,43,12
2004/7/17,10,18,23,26,41,43,42
2004/7/21,19,21,24,25,45,46,39
2004/7/24,6,13,17,19,24,29,35
2004/7/28,4,8,25,29,36,37,14
2004/7/31,3,21,31,40,43,49,23
2004/8/4,6,7,9,11,30,43,4
2004/8/7,3,12,23,30,36,37,35
2004/8/11,4,16,18,28,30,38,35
2004/8/14,13,29,31,36,37,42,25
2004/8/18,3,4,13,21,27,29,19
2004/8/21,28,30,31,37,39,46,34
2004/8/25,9,16,22,23,33,45,46
2004/8/28,17,19,23,24,28,38,12
2004/9/1,1,2,21,30,31,38,46
2004/9/4,2,4,5,44,46,47,3
2004/9/8,10,26,37,40,42,47,5
2004/9/11,7,10,21,29,32,43,27
2004/9/15,1,3,15,16,22,39,37
2004/9/18,7,11,15,39,42,48,40
2004/9/22,13,30,32,33,42,46,5
2004/9/25,15,17,20,21,44,47,26
2004/9/29,10,12,14,27,34,36,26
2004/10/2,4,9,14,27,35,48,32
2004/10/6,20,26,29,31,40,49,18
2004/10/9,16,23,33,35,43,49,6
2004/10/13,6,15,22,30,31,48,1
2004/10/16,1,3,11,40,42,48,35
2004/10/20,2,3,13,14,31,36,9
2004/10/23,1,8,13,24,27,43,36
2004/10/27,29,30,33,34,37,46,47
2004/10/30,18,26,29,39,43,45,9
2004/11/3,10,18,19,37,43,48,12
2004/11/6,1,6,16,34,37,41,12
2004/11/10,2,9,19,33,35,45,12
2004/11/13,4,6,7,17,31,36,27
2004/11/17,13,24,30,41,43,47,17
2004/11/20,28,30,38,44,45,48,18
2004/11/24,15,17,19,20,35,38,31
2004/11/27,12,15,30,38,47,48,27
2004/12/1,4,23,26,35,36,40,48
2004/12/4,16,24,26,30,39,42,6
2004/12/8,5,11,25,28,35,49,46
2004/12/11,2,9,40,43,47,48,39
2004/12/15,1,17,32,35,38,48,26
2004/12/18,3,18,27,32,37,40,42
2004/12/22,11,17,35,38,43,47,42
2004/12/25,4,13,16,32,35,37,34
2004/12/29,6,11,21,37,40,46,35
2005/1/1,10,16,17,34,40,47,41
2005/1/5,1,2,30,36,42,43,23
2005/1/8,3,15,18,19,32,48,17
2005/1/12,1,13,21,34,36,42,8
2005/1/15,1,8,27,33,34,42,21
2005/1/19,2,5,18,21,34,43,36
2005/1/22,8,10,33,41,42,45,35
2005/1/26,8,9,13,17,34,44,12
2005/1/29,4,24,26,37,41,43,11
2005/2/2,2,6,7,13,31,36,32
2005/2/5,11,17,26,31,46,48,1
2005/2/9,10,15,21,23,28,37,41
2005/2/12,5,12,16,26,37,43,40
2005/2/16,4,5,17,18,34,38,1
2005/2/19,12,16,27,35,39,41,24
2005/2/23,5,8,10,32,48,49,29
2005/2/26,4,12,22,37,43,49,8
2005/3/2,3,16,19,22,23,25,32
2005/3/5,6,12,20,21,24,43,22
2005/3/9,4,10,11,18,23,34,49
2005/3/12,6,7,8,30,34,43,19
2005/3/16,8,10,18,19,25,41,34
2005/3/19,2,9,12,30,35,46,37
2005/3/23,1,14,32,33,37,40,7
2005/3/26,2,19,27,32,41,43,24
2005/3/30,7,10,24,27,30,47,41
2005/4/2,4,12,24,25,38,41,11
2005/4/6,7,8,24,28,29,40,12
2005/4/9,7,10,11,47,48,49,26
2005/4/13,11,12,23,29,30,40,9
2005/4/16,2,11,16,31,33,41,17
2005/4/20,8,9,12,20,45,48,39
2005/4/23,18,19,23,29,33,45,8
2005/4/27,9,14,17,22,26,46,3
2005/4/30,10,11,18,21,32,42,19
2005/5/4,12,19,23,24,29,44,28
2005/5/7,6,26,28,30,33,34,49
2005/5/11,9,10,16,18,20,49,46
2005/5/14,5,11,20,23,27,28,42
2005/5/18,2,5,6,12,19,36,7
2005/5/21,1,21,23,27,40,45,38
2005/5/25,10,12,16,21,29,48,1
2005/5/28,6,12,17,28,37,46,11
2005/6/1,3,14,25,29,33,42,21
2005/6/4,11,16,18,19,21,23,41
2005/6/8,3,8,20,22,38,49,5
2005/6/11,3,4,11,28,30,45,16
2005/6/15,7,10,13,33,39,42,47
2005/6/18,5,6,7,36,38,46,20
2005/6/22,9,10,13,30,33,39,32
2005/6/25,2,10,11,17,26,44,25
2005/6/29,19,42,43,44,46,47,26
2005/7/2,2,18,22,38,39,44,10
2005/7/6,5,7,23,25,31,49,16
2005/7/9,3,8,10,23,26,28,22
2005/7/13,1,7,8,14,32,33,26
2005/7/16,14,22,23,32,43,49,34
2005/7/20,2,7,22,27,45,48,42
2005/7/23,12,22,25,30,33,38,17
2005/7/27,8,19,22,30,34,47,18
2005/7/30,10,16,21,29,38,45,25
2005/8/3,4,5,6,10,23,35,18
2005/8/6,6,22,28,36,41,48,24
2005/8/10,4,10,16,22,39,42,43
2005/8/13,10,17,21,40,44,45,39
2005/8/17,4,7,24,27,28,41,37
2005/8/20,4,14,17,23,26,38,47
2005/8/24,3,22,25,32,36,41,9
2005/8/27,2,32,39,42,45,46,49
2005/8/31,1,18,30,33,36,47,23
2005/9/3,8,12,22,37,42,46,24
2005/9/7,2,3,16,37,45,49,22
2005/9/10,6,8,26,33,35,42,41
2005/9/14,2,6,18,25,30,32,11
2005/9/17,4,7,13,33,40,47,37
2005/9/21,15,17,24,26,34,35,8
2005/9/24,15,20,32,39,40,47,30
2005/9/28,4,11,21,27,38,41,36
2005/10/1,9,14,19,23,43,45,20
2005/10/5,1,12,15,16,21,35,40
2005/10/8,5,13,15,17,24,27,29
2005/10/12,11,15,23,34,35,36,28
2005/10/15,1,20,31,32,45,46,39
2005/10/19,11,19,33,35,39,40,32
2005/10/22,3,21,25,26,31,40,41
2005/10/26,5,11,20,30,37,43,31
2005/10/29,4,14,19,25,26,49,21
2005/11/2,9,13,14,40,43,49,32
2005/11/5,4,30,39,42,45,46,38
2005/11/9,7,30,36,39,42,49,9
2005/11/12,1,14,24,30,35,45,9
2005/11/16,11,14,36,40,43,45,25
2005/11/19,1,6,8,11,23,46,13
2005/11/23,4,6,10,17,33,49,37
2005/11/26,15,21,31,35,41,46,22
2005/11/30,5,18,22,28,29,32,17
2005/12/3,16,19,21,25,35,45,24
2005/12/7,2,8,12,19,23,41,49
2005/12/10,6,18,23,37,40,45,48
2005/12/14,4,19,24,31,35,43,7
2005/12/17,4,13,18,19,42,43,45
2005/12/21,4,9,25,27,31,33,44
2005/12/24,16,17,18,23,28,33,27
2005/12/28,6,7,10,29,42,44,25
2005/12/31,10,13,31,33,34,35,22
2006/1/4,6,21,33,42,43,46,25
2006/1/7,5,20,28,30,41,42,16
2006/1/11,12,35,36,43,44,45,46
2006/1/14,11,29,35,36,44,48,30
2006/1/18,3,8,9,20,22,35,4
2006/1/21,3,5,10,21,30,37,8
2006/1/25,7,14,20,21,42,45,18
2006/1/28,9,19,22,33,37,46,35
2006/2/1,2,12,14,41,42,43,20
2006/2/4,2,16,17,29,39,41,11
2006/2/8,19,29,33,40,46,48,34
2006/2/11,5,21,29,30,36,45,49
2006/2/15,12,13,15,32,40,43,47
2006/2/18,17,20,24,28,31,41,25
2006/2/22,8,26,31,35,36,47,24
2006/2/25,7,9,13,23,26,47,28
2006/3/1,9,15,22,33,38,48,10
2006/3/4,7,28,35,40,42,48,46
2006/3/8,11,15,18,33,42,49,21
2006/3/11,12,13,19,20,21,29,38
2006/3/15,2,7,15,23,25,45,41
2006/3/18,1,6,31,37,44,45,19
2006/3/22,8,12,17,23,36,38,43
2006/3/25,17,23,24,33,35,41,47
2006/3/29,1,14,23,35,47,49,5
2006/4/1,4,6,8,12,34,38,14
2006/4/5,10,19,20,35,36,38,26
2006/4/8,1,6,8,10,15,20,34
2006/4/12,11,14,15,29,31,47,19
2006/4/15,2,3,9,21,26,29,42
2006/4/19,3,7,16,18,29,49,32
2006/4/22,21,22,23,24,48,49,3
2006/4/26,1,25,35,36,37,44,15
2006/4/29,4,29,35,40,43,45,9
2006/5/3,1,17,24,29,34,46,27
2006/5/6,6,28,30,31,34,48,47
2006/5/10,3,17,36,44,45,48,8
2006/5/13,2,10,11,16,42,43,21
2006/5/17,9,19,20,24,36,48,10
2006/5/20,15,18,22,31,43,49,26
2006/5/24,1,15,18,19,29,37,5
2006/5/27,9,15,18,34,35,45,6
2006/5/31,11,14,34,40,42,43,6
2006/6/3,8,20,21,27,36,48,11
2006/6/7,11,12,14,27,34,48,8
2006/6/10,18,23,32,34,41,46,49
2006/6/14,10,11,36,38,46,48,26
2006/6/17,11,14,20,25,31,36,48
2006/6/21,4,17,34,39,41,46,26
2006/6/24,2,20,26,29,37,45,17
2006/6/28,3,5,19,20,34,47,31
2006/7/1,11,19,36,41,46,49,38
2006/7/5,2,21,22,29,34,35,7
2006/7/8,11,14,29,33,42,44,7
2006/7/12,6,26,30,38,44,45,16
2006/7/15,13,17,21,33,41,42,38
2006/7/19,8,13,21,22,24,39,4
2006/7/22,2,6,9,20,43,44,46
2006/7/26,3,7,15,38,43,47,32
2006/7/29,13,16,21,42,46,49,8
2006/8/2,6,26,27,33,41,42,24
2006/8/5,2,13,19,25,30,32,40
2006/8/9,13,15,28,29,33,47,25
2006/8/12,3,10,21,23,33,44,43
2006/8/16,3,4,8,25,41,48,22
2006/8/19,9,10,19,43,47,49,29
2006/8/23,4,7,16,23,27,39,3
2006/8/26,1,9,10,24,32,35,39
2006/8/30,1,9,15,26,29,32,46
2006/9/2,3,9,10,14,17,19,12
2006/9/6,3,8,20,26,37,46,27
2006/9/9,13,22,31,32,34,48,26
2006/9/13,19,30,32,33,38,41,14
2006/9/16,5,13,14,29,39,40,34
2006/9/20,10,30,41,43,45,47,34
2006/9/23,6,11,19,20,32,39,38
2006/9/27,15,23,38,40,41,49,2
2006/9/30,1,10,18,24,31,46,19
2006/10/4,12,13,22,26,37,45,14
2006/10/7,15,20,33,37,39,45,13
2006/10/11,8,12,24,30,34,35,47
2006/10/14,9,14,22,45,47,49,25
2006/10/18,6,18,25,34,45,49,41
2006/10/21,2,4,25,29,41,43,38
2006/10/25,9,33,37,38,42,49,31
2006/10/28,1,10,26,38,39,47,45
2006/11/1,2,18,24,25,30,40,45
2006/11/4,6,23,30,33,37,41,17
2006/11/8,3,4,20,38,42,48,34
2006/11/11,3,5,6,7,26,40,16
2006/11/15,5,8,34,37,44,47,24
2006/11/18,1,11,22,25,39,41,44
2006/11/22,3,8,14,28,31,39,32
2006/11/25,1,18,20,23,41,47,37
2006/11/29,5,9,14,31,37,46,8
2006/12/2,8,32,33,43,46,49,1
2006/12/6,2,6,12,18,22,29,4
2006/12/9,4,11,18,20,29,44,24
2006/12/13,8,11,22,27,33,36,1
2006/12/16,7,22,24,30,38,46,41
2006/12/20,2,9,12,29,33,37,46
2006/12/23,4,6,19,22,23,45,43
2006/12/27,4,5,12,24,38,45,22
2006/12/30,10,14,18,40,45,49,1
2007/1/3,4,14,17,20,38,48,7
2007/1/6,19,20,33,43,45,47,38
2007/1/10,9,16,19,41,46,49,4
2007/1/13,1,2,3,19,25,41,31
2007/1/17,5,7,9,30,39,40,25
2007/1/20,24,40,45,47,48,49,7
2007/1/24,6,11,20,26,34,35,2
2007/1/27,6,9,17,20,22,40,7
2007/1/31,2,6,9,11,14,37,25
2007/2/3,10,13,24,27,37,39,14
2007/2/7,4,8,11,27,37,47,21
2007/2/10,8,13,23,37,41,42,26
2007/2/14,10,24,35,40,41,45,39
2007/2/17,13,20,31,36,43,46,19
2007/2/21,5,6,17,21,31,46,49
2007/2/24,4,6,15,33,38,40,13
2007/2/28,3,6,12,15,43,44,37
2007/3/3,3,21,27,37,43,44,9
2007/3/7,7,9,21,29,31,47,12
2007/3/10,9,18,28,37,42,49,24
2007/3/14,12,19,22,34,46,47,36
2007/3/17,13,21,23,27,28,34,31
2007/3/21,3,7,26,30,33,46,32
2007/3/24,1,13,19,26,32,46,28
2007/3/28,7,20,24,25,29,45,36
2007/3/31,4,9,16,32,37,41,5
2007/4/4,5,16,21,25,40,48,31
2007/4/7,10,12,23,26,35,37,47
2007/4/11,6,10,21,24,38,48,26
2007/4/14,6,15,22,26,41,49,9
2007/4/18,14,22,25,30,44,48,1
2007/4/21,17,29,33,43,45,49,18
2007/4/25,3,6,12,19,24,29,40
2007/4/28,3,19,20,23,35,38,48
2007/5/2,22,24,32,33,37,41,46
2007/5/5,1,23,26,28,33,40,10
2007/5/9,11,17,27,32,39,49,19
2007/5/12,5,7,13,27,45,47,11
2007/5/16,11,14,31,33,37,45,9
2007/5/19,8,16,33,37,40,42,35
2007/5/23,4,13,19,23,33,48,16
2007/5/26,6,17,29,32,36,47,37
2007/5/30,3,16,20,27,34,35,38
2007/6/2,8,16,19,32,40,46,28
2007/6/6,2,11,24,31,39,49,9
2007/6/9,10,20,25,41,44,46,6
2007/6/13,2,10,19,36,40,48,18
2007/6/16,3,15,31,33,43,48,24
2007/6/20,4,7,13,41,44,47,19
2007/6/23,7,20,24,37,43,49,21
2007/6/27,7,14,17,19,34,37,11
2007/6/30,6,12,25,43,45,47,31
2007/7/4,20,25,26,39,42,44,10
2007/7/7,10,19,25,31,37,40,1
2007/7/11,4,14,21,29,36,41,46
2007/7/14,10,27,33,38,40,49,21
2007/7/18,2,3,18,31,38,46,17
2007/7/21,9,10,22,29,38,41,11
2007/7/25,8,11,12,18,40,42,17
2007/7/28,1,5,17,32,39,45,40
2007/8/1,7,21,23,37,43,48,35
2007/8/4,9,17,18,20,41,49,46
2007/8/8,2,15,28,41,42,46,3
2007/8/11,1,17,23,34,37,49,13
2007/8/15,3,16,22,27,28,32,5
2007/8/18,2,12,32,34,38,48,43
2007/8/22,2,7,18,32,36,43,22
2007/8/25,9,19,31,35,39,42,1
2007/8/29,7,21,22,24,30,31,29
2007/9/1,11,17,18,28,31,46,42
2007/9/5,17,18,20,22,25,36,11
2007/9/8,3,8,16,20,24,25,23
2007/9/12,10,11,16,21,24,38,23
2007/9/15,9,39,40,43,46,48,24
2007/9/19,5,17,24,36,41,49,39
2007/9/22,5,8,12,15,39,47,40
2007/9/26,21,25,32,35,40,47,6
2007/9/29,9,19,26,29,39,45,33
2007/10/3,3,17,18,24,31,32,42
2007/10/6,5,15,30,35,41,48,6
2007/10/10,9,37,39,45,47,48,4
2007/10/13,1,26,30,32,39,47,21
2007/10/17,12,24,33,36,39,45,28
2007/10/20,7,8,13,26,32,35,41
2007/10/24,8,9,31,42,45,49,19
2007/10/27,12,13,17,34,40,47,9
2007/10/31,2,8,23,25,33,48,43
2007/11/3,8,23,33,40,46,49,37
2007/11/7,4,12,24,25,37,49,33
2007/11/10,3,13,14,17,20,42,40
2007/11/14,3,15,24,25,40,44,39
2007/11/17,14,17,27,41,47,48,24
2007/11/21,2,10,13,15,28,41,38
2007/11/24,1,10,25,27,30,36,41
2007/11/28,7,13,27,37,40,46,11
2007/12/1,16,21,31,40,43,45,37
2007/12/5,1,2,23,29,30,42,12
2007/12/8,2,9,11,22,35,45,31
2007/12/12,6,24,31,32,34,39,22
2007/12/15,3,11,32,34,44,48,33
2007/12/19,6,9,15,32,37,48,38
2007/12/22,8,17,30,36,40,47,24
2007/12/26,8,10,12,14,31,39,9
2007/12/29,7,13,16,24,35,42,1
2008/1/2,4,6,7,16,32,45,43
2008/1/5,3,22,25,36,39,40,41
2008/1/9,5,22,25,30,45,46,41
2008/1/12,3,10,32,43,44,46,35
2008/1/16,7,15,34,39,41,49,22
2008/1/19,13,18,22,29,37,49,47
2008/1/23,6,10,13,20,32,37,34
2008/1/26,1,5,11,37,44,47,36
2008/1/30,1,20,21,23,40,41,12
2008/2/2,7,11,13,34,46,47,9
2008/2/6,2,4,11,30,34,47,42
2008/2/9,3,17,26,33,39,46,18
2008/2/13,14,24,26,29,41,46,22
2008/2/16,19,29,33,35,44,49,22
2008/2/20,1,6,8,38,39,40,31
2008/2/23,4,14,20,31,32,42,18
2008/2/27,2,4,17,33,36,45,35
2008/3/1,3,7,9,28,31,43,2
2008/3/5,17,20,33,35,37,40,25
2008/3/8,11,12,13,16,46,48,28
2008/3/12,3,11,22,29,41,44,48
2008/3/15,3,9,11,19,30,39,20
2008/3/19,23,40,41,42,44,45,43
2008/3/22,5,6,10,25,36,38,7
2008/3/26,1,6,15,27,33,40,46
2008/3/29,4,7,10,12,26,33,24
2008/4/2,2,5,8,20,21,33,11
2008/4/5,16,18,21,27,36,43,44
2008/4/9,20,21,22,29,39,41,25
2008/4/12,1,13,23,35,38,42,22
2008/4/16,13,25,34,35,47,48,22
2008/4/19,5,27,30,32,46,49,9
2008/4/23,12,24,25,29,41,45,14
2008/4/26,1,2,18,38,42,45,30
2008/4/30,3,6,19,23,39,43,14
2008/5/3,3,6,15,27,40,44,41
2008/5/7,13,22,29,33,46,49,18
2008/5/10,13,15,17,26,34,48,25
2008/5/14,9,20,22,28,35,42,15
2008/5/17,5,21,35,38,47,48,45
2008/5/21,3,4,7,19,28,32,6
2008/5/24,3,16,22,39,42,49,28
2008/5/28,3,4,22,23,26,28,8
2008/5/31,2,9,11,22,34,35,26
2008/6/4,5,21,25,32,33,41,45
2008/6/7,27,29,33,36,46,48,24
2008/6/11,2,24,33,35,44,48,37
2008/6/14,6,9,14,18,42,44,36
2008/6/18,2,12,31,40,44,45,11
2008/6/21,6,7,14,16,17,27,32
2008/6/25,1,23,29,34,37,45,8
2008/6/28,4,16,20,23,28,44,32
2008/7/2,12,18,19,35,42,43,44
2008/7/5,2,7,8,32,43,49,48
2008/7/9,2,25,28,40,45,46,34
2008/7/12,15,18,19,21,24,35,37
2008/7/16,3,10,16,17,25,39,19
2008/7/19,10,20,28,36,40,46,23
2008/7/23,7,9,25,35,40,48,1
2008/7/26,2,6,20,23,38,45,24
2008/7/30,3,10,21,26,38,43,48
2008/8/2,2,9,26,44,47,49,34
2008/8/6,10,18,22,26,34,38,39
2008/8/9,1,34,37,39,40,42,11
2008/8/13,1,16,28,29,39,45,23
2008/8/16,12,16,19,32,42,49,3
2008/8/20,3,6,9,27,28,36,45
2008/8/23,3,7,13,30,38,46,24
2008/8/27,2,12,25,28,35,48,3
2008/8/30,2,26,29,36,37,45,31
2008/9/3,5,21,28,32,43,46,13
2008/9/6,2,5,9,17,32,35,36
2008/9/10,2,15,25,31,38,49,48
2008/9/13,5,18,20,26,37,39,14
2008/9/17,7,9,17,23,27,32,22
2008/9/20,2,10,24,31,33,49,3
2008/9/24,10,27,36,40,42,43,37
2008/9/27,11,19,29,33,44,46,34
2008/10/1,2,8,22,29,34,48,47
2008/10/4,12,19,23,25,36,46,2
2008/10/8,4,13,19,32,40,45,28
2008/10/11,7,8,23,38,39,45,47
2008/10/15,7,9,15,21,38,40,13
2008/10/18,11,13,26,32,34,44,2
2008/10/22,8,9,12,20,42,45,39
2008/10/25,4,9,25,26,41,46,40
2008/10/29,1,3,26,33,42,46,45
2008/11/1,18,25,33,40,42,49,19
2008/11/5,4,13,17,27,35,45,34
2008/11/8,2,3,19,28,36,45,39
2008/11/12,12,30,34,38,39,43,36
2008/11/15,8,9,12,16,19,21,47
2008/11/19,24,28,34,38,44,45,35
2008/11/22,9,21,28,37,44,49,19
2008/11/26,11,33,34,42,43,48,7
2008/11/29,9,12,16,26,30,37,27
2008/12/3,2,8,12,22,36,37,23
2008/12/6,4,8,29,37,40,48,45
2008/12/10,6,12,18,27,42,43,7
2008/12/13,4,15,34,36,43,47,9
2008/12/17,11,18,22,28,30,49,25
2008/12/20,4,7,8,10,47,48,6
2008/12/24,11,12,29,32,35,43,26
2008/12/27,6,10,20,23,45,47,11
2008/12/31,5,7,23,33,37,38,26
2009/1/3,4,13,17,25,36,48,28
2009/1/7,10,13,19,35,39,41,4
2009/1/10,11,17,18,25,27,34,19
2009/1/14,20,35,36,37,39,49,38
2009/1/17,8,12,20,28,39,47,10
2009/1/21,8,32,34,39,43,48,25
2009/1/24,9,13,20,29,45,46,5
2009/1/28,1,6,20,22,24,46,36
2009/1/31,14,15,20,28,34,39,41
2009/2/4,15,16,22,31,43,44,32
2009/2/7,14,20,24,30,34,37,31
2009/2/11,1,6,17,19,41,42,31
2009/2/14,16,25,29,37,45,49,20
2009/2/18,11,17,34,37,41,49,5
2009/2/21,11,20,33,34,37,39,22
2009/2/25,5,11,26,31,36,39,4
2009/2/28,2,8,26,46,48,49,34
2009/3/4,7,15,23,25,27,40,43
2009/3/7,8,12,14,22,29,49,11
2009/3/11,2,18,20,23,24,48,30
2009/3/14,4,11,13,16,41,45,35
2009/3/18,11,27,29,33,34,44,36
2009/3/21,14,19,34,37,39,42,47
2009/3/25,9,16,34,42,44,48,13
2009/3/28,6,10,33,39,40,48,43
2009/4/1,4,6,24,32,46,48,8
2009/4/4,17,20,22,37,40,48,33
2009/4/8,2,5,13,24,35,43,18
2009/4/11,5,6,7,11,17,34,48
2009/4/15,6,13,23,34,41,43,27
2009/4/18,4,5,21,33,42,47,24
2009/4/22,10,12,21,38,41,42,28
2009/4/25,1,11,17,29,31,46,35
2009/4/29,8,20,22,29,33,49,48
2009/5/2,8,15,17,22,30,40,11
2009/5/6,1,4,9,20,30,44,18
2009/5/9,14,19,23,31,34,39,24
2009/5/13,6,10,24,28,31,46,25
2009/5/16,16,17,23,27,30,45,39
2009/5/20,4,22,26,29,39,48,31
2009/5/23,7,8,15,24,27,32,34
2009/5/27,3,4,24,26,29,49,13
2009/5/30,1,7,19,21,39,45,42
2009/6/3,5,6,14,30,38,39,34
2009/6/6,11,12,18,21,30,37,1
2009/6/10,9,27,28,40,45,48,24
2009/6/13,1,15,20,30,41,48,10
2009/6/17,4,5,8,15,19,40,22
2009/6/20,4,5,19,28,31,38,34
2009/6/24,13,19,23,33,38,48,2
2009/6/27,5,15,28,31,32,45,11
2009/7/1,2,5,19,26,29,31,28
2009/7/4,1,14,23,27,32,44,48
2009/7/8,12,32,35,36,37,46,23
2009/7/11,9,11,18,23,29,40,26
2009/7/15,3,5,16,26,40,45,31
2009/7/18,2,4,15,39,45,49,37
2009/7/22,8,14,24,36,40,42,19
2009/7/25,10,19,29,32,38,44,3
2009/7/29,3,23,29,37,44,45,39
2009/8/1,13,14,24,31,40,48,44
2009/8/5,2,5,12,31,34,48,44
2009/8/8,11,22,31,32,40,49,13
2009/8/12,7,10,31,32,42,47,30
2009/8/15,5,6,15,31,38,39,36
2009/8/19,5,6,22,23,25,27,32
2009/8/22,15,19,23,38,43,49,33
2009/8/26,4,6,9,29,33,49,15
2009/8/29,9,10,26,29,32,37,12
2009/9/2,4,6,9,30,33,49,13
2009/9/5,12,13,27,32,45,46,18
2009/9/9,3,6,17,27,28,44,43
2009/9/12,3,12,13,36,46,48,9
2009/9/16,6,17,36,41,42,49,1
2009/9/19,1,7,23,29,30,33,9
2009/9/23,4,8,11,12,34,43,22
2009/9/26,5,6,14,18,30,35,2
2009/9/30,4,10,29,33,39,46,2
2009/10/3,14,19,27,32,45,49,34
2009/10/7,2,4,12,24,36,38,16
2009/10/10,5,11,12,22,23,26,41
2009/10/14,4,17,19,22,24,46,30
2009/10/17,8,17,24,34,42,46,5
2009/10/21,2,11,29,32,48,49,34
2009/10/24,5,13,25,34,36,46,41
2009/10/28,18,26,32,34,43,44,37
2009/10/31,5,24,31,34,35,44,46
2009/11/4,2,7,8,18,20,37,12
2009/11/7,12,15,18,25,29,32,14
2009/11/11,1,19,23,24,25,43,5
2009/11/14,1,9,19,25,31,41,42
2009/11/18,2,4,13,24,30,42,9
2009/11/21,18,25,35,43,46,47,4
2009/11/25,5,10,16,19,33,47,24
2009/11/28,17,26,27,28,33,49,43
2009/12/2,2,4,24,25,47,48,44
2009/12/5,8,10,14,22,28,29,2
2009/12/9,1,15,17,26,28,38,44
2009/12/12,16,20,26,31,38,49,42
2009/12/16,4,22,23,46,48,49,18
2009/12/19,12,15,19,41,42,49,48
2009/12/23,1,5,9,11,22,38,27
2009/12/26,5,14,34,38,40,43,36
2009/12/30,5,9,23,30,34,36,24
2010/1/2,16,22,25,33,39,48,28
2010/1/6,10,12,15,23,26,44,30
2010/1/9,7,9,10,27,28,40,42
2010/1/13,26,28,30,39,40,48,27
2010/1/16,12,21,25,30,41,43,48
2010/1/20,13,17,25,40,45,47,42
2010/1/23,29,35,36,38,41,43,47
2010/1/27,14,17,19,21,40,42,26
2010/1/30,2,31,32,34,40,49,5
2010/2/3,9,24,29,35,37,40,21
2010/2/6,4,12,14,15,21,23,13
2010/2/10,13,24,30,32,37,48,49
2010/2/13,1,9,23,28,37,39,12
2010/2/17,14,16,34,41,45,49,5
2010/2/20,13,15,18,20,23,26,17
2010/2/24,4,13,18,21,22,42,3
2010/2/27,4,6,14,23,25,36,27
2010/3/3,10,19,23,24,33,38,21
2010/3/6,7,9,14,24,25,44,28
2010/3/10,8,12,28,30,38,48,2
2010/3/13,3,13,15,28,41,47,40
2010/3/17,5,6,21,38,42,45,46
2010/3/20,9,11,15,34,35,42,47
2010/3/24,5,19,27,32,44,46,25
2010/3/27,2,4,9,22,43,44,29
2010/3/31,27,28,33,37,48,49,5
2010/4/3,1,2,13,17,24,39,34
2010/4/7,3,10,13,22,34,43,46
2010/4/10,7,9,23,25,27,41,15
2010/4/14,9,12,20,28,33,46,10
2010/4/17,4,11,12,25,42,43,44
2010/4/21,12,19,22,36,40,46,17
2010/4/24,3,10,14,36,38,40,23
2010/4/28,6,24,27,34,36,42,18
2010/5/1,4,7,10,22,25,33,49
2010/5/5,12,13,15,31,47,49,28
2010/5/8,4,10,21,39,45,48,12
2010/5/12,8,9,20,26,28,29,38
2010/5/15,3,5,8,15,33,35,14
2010/5/19,27,28,35,40,43,48,20
2010/5/22,7,8,19,23,30,46,4
2010/5/26,12,13,33,43,46,49,48
2010/5/29,18,32,40,41,47,49,7
2010/6/2,15,19,30,31,34,37,7
2010/6/5,30,31,32,34,36,49,9
2010/6/9,12,13,25,30,37,41,48
2010/6/12,3,11,14,20,41,47,9
2010/6/16,2,5,9,20,25,32,30
2010/6/19,11,18,27,29,32,39,1
2010/6/23,16,18,21,36,46,48,47
2010/6/26,1,10,16,25,36,38,29
2010/6/30,4,14,24,26,34,43,1
2010/7/3,9,12,19,29,38,47,18
2010/7/7,3,8,18,34,44,49,30
2010/7/10,13,14,16,28,34,42,26
2010/7/14,4,17,20,31,36,40,37
2010/7/17,24,26,28,37,43,48,8
2010/7/21,13,14,15,17,28,36,29
2010/7/24,3,6,26,32,43,49,29
2010/7/28,2,15,27,30,34,36,31
2010/7/31,1,35,38,40,47,48,29
2010/8/4,5,8,13,22,35,40,9
2010/8/7,10,14,18,41,42,47,16
2010/8/11,3,10,12,20,26,27,47
2010/8/14,9,20,22,23,26,44,5
2010/8/18,3,7,12,25,28,37,16
2010/8/21,7,10,15,26,36,41,21
2010/8/25,5,8,20,26,31,36,15
2010/8/28,1,4,7,25,30,45,6
2010/9/1,13,32,35,39,46,48,5
2010/9/4,11,13,17,18,20,45,41
2010/9/8,4,6,11,45,46,47,48
2010/9/11,3,9,11,13,27,45,5
2010/9/15,6,11,21,26,34,41,24
2010/9/18,1,14,17,19,40,42,30
2010/9/22,13,19,29,30,33,49,5
2010/9/25,7,11,15,30,31,45,23
2010/9/29,1,7,19,31,35,44,36
2010/10/2,7,13,18,23,26,27,46
2010/10/6,10,20,24,32,37,47,49
2010/10/9,1,8,15,36,38,49,16
2010/10/13,2,3,23,29,34,36,17
2010/10/16,20,28,32,36,42,46,21
2010/10/20,9,10,14,15,19,29,35
2010/10/23,2,13,21,22,40,44,37
2010/10/27,2,16,20,23,33,43,6
2010/10/30,10,15,24,29,35,38,8
2010/11/3,10,11,16,19,28,40,8
2010/11/6,2,20,29,33,40,44,25
2010/11/10,4,5,17,30,36,38,45
2010/11/13,5,15,27,35,38,47,23
2010/11/17,3,12,14,16,29,38,23
2010/11/20,1,10,13,23,41,43,39
2010/11/24,5,11,26,28,35,46,49
2010/11/27,4,13,23,24,37,47,45
2010/12/1,2,11,12,29,40,42,35
2010/12/4,9,12,16,24,25,38,31
2010/12/8,1,6,7,8,22,46,17
2010/12/11,2,7,13,17,27,41,8
2010/12/15,1,5,8,11,29,33,36
2010/12/18,5,7,13,33,37,39,44
2010/12/22,3,5,10,11,35,45,33
2010/12/25,2,12,23,26,27,31,20
2010/12/29,6,11,19,21,39,49,28
2011/1/1,8,15,39,44,45,49,29
2011/1/5,1,3,8,12,32,47,19
2011/1/8,5,6,11,16,24,40,10
2011/1/12,4,9,15,27,28,46,18
2011/1/15,10,15,35,42,44,47,39
2011/1/19,7,13,18,21,23,24,48
2011/1/22,4,5,9,12,33,36,38
2011/1/26,4,6,22,24,31,40,33
2011/1/29,3,4,16,35,40,44,32
2011/2/2,4,11,18,27,28,46,39
2011/2/5,20,25,32,39,40,44,48
2011/2/9,17,19,21,33,34,46,47
2011/2/12,3,15,22,31,43,47,42
2011/2/16,10,15,29,30,44,45,28
2011/2/19,10,16,20,26,34,48,40
2011/2/23,5,6,15,24,35,48,39
2011/2/26,3,16,17,31,33,46,37
2011/3/2,27,28,31,41,42,43,46
2011/3/5,19,21,27,33,36,38,3
2011/3/9,4,7,18,21,41,46,37
2011/3/12,6,9,17,23,26,36,42
2011/3/16,1,3,15,19,36,37,2
2011/3/19,7,25,28,31,36,45,49
2011/3/23,5,10,11,21,24,43,32
2011/3/26,4,6,21,22,42,43,12
2011/3/30,8,15,17,29,36,44,16
2011/4/2,16,21,26,28,45,46,49
2011/4/6,1,3,23,26,35,38,11
2011/4/9,17,23,24,40,45,48,18
2011/4/13,3,8,15,20,26,45,12
2011/4/16,5,7,11,12,33,39,28
2011/4/20,12,15,33,34,38,43,30
2011/4/23,1,8,18,27,35,45,47
2011/4/27,3,8,31,42,44,48,33
2011/4/30,1,6,7,24,30,48,4
2011/5/4,8,9,26,39,46,47,38
2011/5/7,2,23,24,27,36,48,16
2011/5/11,14,20,30,34,37,45,15
2011/5/14,12,29,30,36,39,45,20
2011/5/18,1,39,42,45,48,49,29
2011/5/21,7,8,17,22,24,30,37
2011/5/25,5,32,37,38,39,42,22
2011/5/28,11,13,17,21,43,49,5
2011/6/1,18,23,27,44,46,47,29
2011/6/4,19,20,27,29,33,45,41
2011/6/8,7,10,21,22,38,39,11
2011/6/11,6,7,8,9,20,28,22
2011/6/15,2,4,22,25,28,31,17
2011/6/18,4,9,14,21,34,45,25
2011/6/22,5,7,16,27,37,49,25
2011/6/25,4,17,23,31,45,48,29
2011/6/29,3,15,23,33,39,47,41
2011/7/2,2,16,30,41,44,48,21
2011/7/6,14,25,31,36,44,47,37
2011/7/9,4,7,23,31,33,36,22
2011/7/13,2,8,28,29,34,44,38
2011/7/16,2,12,23,35,39,49,44
2011/7/20,2,21,23,30,34,42,46
2011/7/23,3,5,11,23,33,34,24
2011/7/27,2,3,15,23,41,46,10
2011/7/30,6,7,10,19,21,45,16
2011/8/3,6,17,21,28,31,38,43
2011/8/6,9,21,28,31,34,37,2
2011/8/10,9,18,24,27,29,43,5
2011/8/13,28,35,42,45,46,49,27
2011/8/17,7,18,23,24,27,32,26
2011/8/20,6,11,18,20,21,34,47
2011/8/24,12,15,18,29,33,46,48
2011/8/27,11,14,19,20,21,47,45
2011/8/31,11,16,25,35,38,41,37
2011/9/3,14,15,25,32,41,42,49
2011/9/7,10,15,29,32,34,40,6
2011/9/10,17,18,25,31,42,49,28
2011/9/14,12,26,28,31,33,45,27
2011/9/17,15,17,19,23,27,38,7
2011/9/21,1,23,30,38,45,48,3
2011/9/24,3,8,15,16,20,46,35
2011/9/28,2,14,29,32,41,44,3
2011/10/1,8,15,24,25,30,35,13
2011/10/5,7,10,13,19,26,29,23
2011/10/8,7,13,14,16,22,48,32
2011/10/12,6,7,12,20,38,40,43
2011/10/15,14,24,27,36,39,42,3
2011/10/19,9,14,17,20,44,45,33
2011/10/22,8,18,20,30,32,46,22
2011/10/26,1,2,38,39,40,49,44
2011/10/29,5,8,13,16,40,49,20
2011/11/2,3,22,32,40,45,48,4
2011/11/5,14,18,22,34,36,43,3
2011/11/9,12,30,36,37,40,48,32
2011/11/12,3,4,20,34,39,48,2
2011/11/16,15,25,28,32,35,42,45
2011/11/19,3,4,14,18,28,31,47
2011/11/23,10,13,15,30,34,44,21
2011/11/26,2,18,23,35,47,48,9
2011/11/30,12,15,23,36,43,47,40
2011/12/3,8,24,34,38,41,42,22
2011/12/7,6,8,24,27,31,41,48
2011/12/10,3,7,15,35,36,40,13
2011/12/14,13,20,22,29,32,33,16
2011/12/17,3,5,24,27,38,46,42
2011/12/21,12,16,19,34,41,47,20
2011/12/24,1,18,25,26,36,39,29
2011/12/28,1,22,28,38,47,48,29
2011/12/31,2,11,21,28,31,44,36
2012/1/4,1,8,11,21,24,41,45
2012/1/7,6,8,11,25,28,45,7
2012/1/11,9,10,11,18,39,45,23
2012/1/14,1,3,7,11,38,40,37
2012/1/18,4,7,10,27,37,49,44
2012/1/21,9,11,31,34,48,49,41
2012/1/25,2,12,20,35,41,49,36
2012/1/28,5,6,17,39,44,48,29
2012/2/1,2,7,9,18,23,38,14
2012/2/4,8,10,12,22,26,28,24
2012/2/8,7,22,23,26,40,48,39
2012/2/11,6,13,19,32,43,44,9
2012/2/15,3,19,21,41,43,47,9
2012/2/18,4,12,14,21,22,37,28
2012/2/22,1,12,22,35,42,44,40
2012/2/25,2,22,30,33,35,42,14
2012/2/29,5,6,8,9,11,40,28
2012/3/3,9,19,20,31,41,45,42
2012/3/7,5,7,39,41,45,46,25
2012/3/10,4,17,25,26,39,49,10
2012/3/14,6,9,11,12,19,20,47
2012/3/17,1,2,9,15,17,37,30
2012/3/21,23,27,32,37,38,45,35
2012/3/24,11,20,23,28,40,45,14
2012/3/28,5,10,12,18,25,45,15
2012/3/31,33,35,36,39,48,49,42
2012/4/4,18,23,25,26,45,48,16
2012/4/7,2,13,16,32,39,44,27
2012/4/11,1,2,16,24,36,49,33
2012/4/14,14,16,18,20,26,47,13
2012/4/18,6,10,11,16,32,36,42
2012/4/21,2,8,10,20,28,38,29
2012/4/25,15,18,26,33,36,39,35
2012/4/28,9,21,22,42,44,48,28
2012/5/2,18,19,33,40,44,47,10
2012/5/5,5,6,30,32,45,46,41
2012/5/9,2,6,15,19,24,38,9
2012/5/12,4,5,10,34,37,45,7
2012/5/16,2,3,12,15,19,49,5
2012/5/19,14,17,21,27,37,46,39
2012/5/23,2,3,7,13,32,40,8
2012/5/26,23,31,33,38,46,49,17
2012/5/30,2,21,36,37,45,47,15
2012/6/2,7,22,27,29,33,39,40
2012/6/6,8,21,22,26,30,39,7
2012/6/9,8,18,29,37,38,44,48
2012/6/13,7,11,15,22,37,44,16
2012/6/16,1,8,19,26,37,44,16
2012/6/20,1,6,10,26,31,38,11
2012/6/23,12,19,28,34,36,41,1
2012/6/27,4,10,19,24,32,35,1
2012/6/30,12,22,31,32,35,47,4
2012/7/4,15,20,22,25,27,41,28
2012/7/7,3,20,27,29,38,44,45
2012/7/11,5,8,14,18,43,49,37
2012/7/14,13,17,22,29,36,45,47
2012/7/18,1,11,12,17,32,40,14
2012/7/21,11,21,35,37,46,47,32
2012/7/25,1,20,27,36,40,42,14
2012/7/28,6,10,22,30,35,49,17
2012/8/1,1,14,17,29,36,37,13
2012/8/4,3,8,23,25,29,47,32
2012/8/8,6,8,18,20,40,42,36
2012/8/11,17,20,22,35,38,48,36
2012/8/15,1,6,12,19,24,31,5
2012/8/18,7,14,15,23,35,37,36
2012/8/22,9,13,19,32,41,49,17
2012/8/25,4,12,17,18,34,44,21
2012/8/29,3,5,8,14,24,34,38
2012/9/1,2,5,20,30,39,45,25
2012/9/5,15,21,23,26,28,48,6
2012/9/8,1,4,6,24,26,29,12
2012/9/12,3,29,33,36,39,45,37
2012/9/15,9,10,12,19,24,31,17
2012/9/19,7,9,18,22,28,38,26
2012/9/22,4,19,22,24,32,33,21
2012/9/26,2,5,9,13,22,38,37
2012/9/29,2,7,18,20,41,48,29
2012/10/3,5,15,20,25,28,33,39
2012/10/6,20,24,27,40,44,45,35
2012/10/10,8,22,37,40,41,44,4
2012/10/13,6,14,26,27,34,46,37
2012/10/17,4,20,22,23,42,44,41
2012/10/20,13,14,21,24,32,35,18
2012/10/24,9,10,11,24,34,42,5
2012/10/27,11,15,16,17,31,40,6
2012/10/31,4,8,17,23,34,47,30
2012/11/3,9,22,34,35,46,47,26
2012/11/7,20,36,42,43,45,48,5
2012/11/10,6,22,23,41,44,49,48
2012/11/14,15,20,29,36,38,42,27
2012/11/17,3,4,20,31,41,48,15
2012/11/21,10,16,21,31,33,36,27
2012/11/24,6,32,35,36,40,45,48
2012/11/28,3,6,13,29,36,38,33
2012/12/1,7,22,28,32,34,38,20
2012/12/5,4,26,34,38,41,46,44
2012/12/8,2,12,22,42,43,46,5
2012/12/12,6,7,24,27,28,46,44
2012/12/15,11,22,36,37,43,48,7
2012/12/19,1,13,16,30,33,48,49
2012/12/22,8,10,14,16,18,35,43
2012/12/26,3,5,26,27,37,39,21
2012/12/29,1,26,33,36,45,48,22
2013/1/2,10,14,15,39,43,49,9
2013/1/5,24,29,34,36,41,42,45
2013/1/9,14,17,33,34,43,44,5
2013/1/12,6,16,29,30,33,36,15
2013/1/16,14,21,27,34,37,38,10
2013/1/19,1,4,6,13,20,44,28
2013/1/23,2,5,16,25,30,40,19
2013/1/26,23,27,35,40,43,44,13
2013/1/30,1,14,21,23,29,46,26
2013/2/2,4,15,22,27,29,31,47
2013/2/6,4,18,23,25,39,43,7
2013/2/9,7,17,30,33,42,49,40
2013/2/13,17,18,21,25,35,47,16
2013/2/16,3,5,13,33,34,44,8
2013/2/20,23,31,41,45,46,49,3
2013/2/23,4,12,19,21,26,41,40
2013/2/27,11,15,19,25,34,39,22
2013/3/2,6,29,31,33,40,43,48
2013/3/6,1,5,14,27,30,41,3
2013/3/9,15,18,24,28,29,49,2
2013/3/13,1,4,11,16,26,46,31
2013/3/16,4,14,16,25,45,47,27
2013/3/20,9,14,24,43,45,46,22
2013/3/23,1,2,7,10,33,38,13
2013/3/27,2,8,11,26,27,33,17
2013/3/30,26,30,34,35,38,41,48
2013/4/3,20,26,27,32,36,46,49
2013/4/6,11,19,27,28,30,39,21
2013/4/10,1,9,12,29,30,42,22
2013/4/13,2,10,17,19,44,47,40
2013/4/17,18,25,26,41,45,49,23
2013/4/20,1,10,11,19,21,41,27
2013/4/24,10,20,30,38,41,44,15
2013/4/27,9,28,35,36,48,49,6
2013/5/1,1,2,32,33,38,49,42
2013/5/4,8,9,13,22,35,36,6
2013/5/8,12,21,23,24,38,46,36
2013/5/11,2,10,16,21,24,49,30
2013/5/15,11,14,21,24,25,43,12
2013/5/18,5,24,26,28,33,45,31
2013/5/22,1,20,24,33,37,43,42
2013/5/25,9,17,32,41,42,44,3
2013/5/29,21,28,34,35,48,49,18
2013/6/1,2,7,24,37,38,40,9
2013/6/5,5,15,19,31,42,47,20
2013/6/8,8,11,19,42,46,47,27
2013/6/12,4,8,16,25,33,36,21
2013/6/15,5,8,13,14,17,30,1
2013/6/19,8,23,25,28,34,39,47
2013/6/22,3,4,5,12,23,33,27
2013/6/26,1,3,23,33,40,48,42
2013/6/29,4,11,12,14,25,37,36
2013/7/3,16,17,19,22,40,43,10
2013/7/6,21,23,24,33,38,44,45
2013/7/10,7,8,11,19,25,46,17
2013/7/13,2,11,14,22,41,42,13
2013/7/17,11,12,16,29,38,43,25
2013/7/20,3,20,24,26,37,47,35
2013/7/24,2,5,12,22,44,48,10
2013/7/27,3,15,17,20,27,43,30
2013/7/31,5,15,30,42,46,49,35
2013/8/3,2,3,9,17,29,40,41
2013/8/7,19,21,29,32,34,47,8
2013/8/10,8,23,25,32,33,48,28
2013/8/14,14,20,28,31,44,49,34
2013/8/17,1,6,13,29,37,39,17
2013/8/21,4,12,28,31,39,46,42
2013/8/24,2,8,32,36,47,49,33
2013/8/28,13,17,19,22,28,46,38
2013/8/31,5,6,24,29,35,39,44
2013/9/4,2,7,12,21,25,47,6
2013/9/7,2,4,15,29,32,40,26
2013/9/11,13,21,22,26,35,40,15
2013/9/14,6,26,41,42,47,48,31
2013/9/18,13,22,23,31,35,45,33
2013/9/21,7,19,21,29,31,36,42
2013/9/25,5,19,22,29,31,32,7
2013/9/28,8,16,18,26,28,37,5
2013/10/2,2,10,16,36,40,45,11
2013/10/5,2,12,18,26,35,36,7
2013/10/9,18,22,24,30,43,48,42
2013/10/12,7,12,20,22,26,35,13
2013/10/16,3,10,17,18,19,23,38
2013/10/19,3,4,6,23,33,44,31
2013/10/23,6,12,14,20,21,26,33
2013/10/26,3,5,16,20,27,45,7
2013/10/30,4,9,24,41,47,48,46
2013/11/2,9,12,13,26,35,43,2
2013/11/6,21,26,32,34,36,39,28
2013/11/9,4,8,30,43,46,48,44
2013/11/13,3,8,15,17,29,33,10
2013/11/16,9,12,17,20,21,37,31
2013/11/20,20,26,35,37,46,48,9
2013/11/23,3,5,13,16,44,48,2
2013/11/27,8,9,15,23,40,48,19
2013/11/30,2,18,22,25,37,39,1
2013/12/4,10,12,16,23,41,42,19
2013/12/7,2,8,11,15,24,27,44
2013/12/11,4,15,28,31,37,44,35
2013/12/14,13,18,19,20,35,40,14
2013/12/18,2,4,16,20,25,46,23
2013/12/21,1,2,10,19,22,44,41
2013/12/25,4,18,23,32,34,47,44
2013/12/28,13,20,23,34,38,46,18
2014/1/1,4,6,7,11,12,40,15
2014/1/4,1,15,21,22,38,39,19
2014/1/8,1,12,17,22,29,44,35
2014/1/11,3,11,15,21,23,33,32
2014/1/15,2,15,25,27,38,46,33
2014/1/18,2,15,33,36,42,49,13
2014/1/22,4,16,18,25,36,40,11
2014/1/25,6,15,22,23,41,43,37
2014/1/29,17,29,36,39,46,49,30
2014/2/1,10,14,18,27,31,48,1
2014/2/5,3,16,18,21,28,47,5
2014/2/8,2,5,16,36,41,43,25
2014/2/12,3,12,16,20,28,31,37
2014/2/15,1,8,37,39,44,45,21
2014/2/19,2,7,15,24,37,45,13
2014/2/22,9,13,19,22,33,34,20
2014/2/26,24,25,26,30,34,39,3
2014/3/1,3,8,16,23,34,44,41
2014/3/5,7,26,31,38,46,47,12
2014/3/8,11,16,18,33,34,35,28
2014/3/12,6,12,14,17,30,49,16
2014/3/15,2,7,11,16,47,48,20
2014/3/19,13,24,28,34,45,49,21
2014/3/22,3,6,12,14,25,28,36
2014/3/26,2,18,35,42,45,47,43
2014/3/29,15,22,25,26,42,43,9
2014/4/2,9,11,32,36,38,40,26
2014/4/5,13,16,17,23,27,37,3
2014/4/9,8,12,20,27,32,43,17
2014/4/12,2,7,35,36,42,45,30
2014/4/16,3,16,26,40,41,49,14
2014/4/19,6,15,40,41,42,44,4
2014/4/23,22,25,35,40,45,46,38
2014/4/26,3,11,12,19,21,29,9
2014/4/30,3,9,25,32,35,45,23
2014/5/3,1,7,11,17,27,47,34
2014/5/7,4,7,12,20,40,49,14
2014/5/10,16,23,33,36,48,49,37
2014/5/14,2,25,27,28,31,47,20
2014/5/17,24,33,35,40,43,49,16
2014/5/21,23,34,43,44,47,49,45
2014/5/24,5,9,37,43,46,48,14
2014/5/28,13,23,28,31,34,38,8
2014/5/31,19,28,30,32,37,45,44
2014/6/4,7,11,12,13,35,41,18
2014/6/7,3,24,28,40,43,48,15
2014/6/11,4,27,33,38,41,46,14
2014/6/14,7,15,25,38,44,47,10
2014/6/18,15,21,22,28,38,45,43
2014/6/21,13,20,26,27,31,39,12
2014/6/25,1,10,24,28,39,45,43
2014/6/28,10,28,32,37,43,46,45
2014/7/2,13,20,27,28,47,49,15
2014/7/5,11,19,30,33,38,41,24
2014/7/9,20,25,28,31,37,41,16
2014/7/12,2,3,7,14,41,42,40
2014/7/16,1,20,25,27,37,46,7
2014/7/19,18,30,38,43,46,47,36
2014/7/23,20,29,33,35,38,43,1
2014/7/26,6,16,18,30,37,39,7
2014/7/30,13,24,25,29,43,45,42
2014/8/2,4,10,14,19,36,41,48
2014/8/6,8,10,11,21,24,44,12
2014/8/9,2,12,30,32,37,40,39
2014/8/13,8,16,21,39,44,45,11
2014/8/16,9,18,41,42,48,49,10
2014/8/20,7,8,10,20,30,31,3
2014/8/23,10,17,24,28,31,46,15
2014/8/27,20,21,34,42,44,45,35
2014/8/30,3,24,25,33,40,48,2
2014/9/3,5,13,15,22,45,47,27
2014/9/6,4,6,17,28,35,46,18
2014/9/10,7,11,13,15,20,44,9
2014/9/13,2,7,17,31,39,43,40
2014/9/17,3,8,10,19,31,33,40
2014/9/20,4,10,20,23,27,45,48
2014/9/24,15,28,34,40,41,43,5
2014/9/27,2,18,22,27,44,45,49
2014/10/1,17,21,27,37,48,49,11
2014/10/4,8,13,27,35,45,49,9
2014/10/8,9,12,15,17,42,49,34
2014/10/11,3,4,6,17,30,34,36
2014/10/15,4,11,14,25,30,36,32
2014/10/18,6,30,35,37,41,43,22
2014/10/22,10,13,24,29,31,32,7
2014/10/25,10,20,23,31,33,45,38
2014/10/29,6,25,29,34,39,44,22
2014/11/1,3,5,26,37,39,45,7
2014/11/5,23,29,31,38,40,42,44
2014/11/8,3,9,10,28,34,40,46
2014/11/12,2,17,20,41,42,44,4
2014/11/15,1,3,23,35,41,46,18
2014/11/19,5,7,20,25,36,46,24
2014/11/22,5,7,20,24,37,49,32
2014/11/26,5,10,11,12,32,33,39
2014/11/29,9,20,24,26,43,47,45
2014/12/3,1,3,4,24,28,36,6
2014/12/6,15,17,18,19,34,44,10
2014/12/10,1,2,7,16,27,30,18
2014/12/13,14,23,25,31,33,38,5
2014/12/17,2,5,15,20,38,39,35
2014/12/20,9,17,22,35,38,43,15
2014/12/24,1,3,21,24,31,46,30
2014/12/27,7,22,26,27,42,47,28
2014/12/31,6,7,8,29,35,45,12
2015/1/3,12,21,28,37,40,43,38
2015/1/7,10,16,31,36,38,47,22
2015/1/10,1,11,23,25,27,30,43
2015/1/14,15,16,17,28,33,44,36
2015/1/17,9,15,21,27,35,40,5
2015/1/21,3,15,17,35,44,46,23
2015/1/24,2,8,9,11,21,39,37
2015/1/28,3,4,5,8,33,38,14
2015/1/31,9,13,18,20,24,36,5
2015/2/4,6,8,10,22,30,43,23
2015/2/7,14,16,24,41,42,48,34
2015/2/11,1,13,24,29,43,49,8
2015/2/14,9,10,15,18,21,37,20
2015/2/18,3,6,11,15,20,37,31
2015/2/21,3,4,9,14,23,48,26
2015/2/25,15,17,25,29,30,35,14
2015/2/28,5,14,39,42,46,49,17
2015/3/4,2,10,14,19,28,33,48
2015/3/7,4,10,15,18,26,41,16
2015/3/11,7,9,21,40,44,45,42
2015/3/14,9,19,38,40,45,47,13
2015/3/18,16,17,37,39,41,45,14
2015/3/21,8,22,29,32,33,35,2
2015/3/25,6,14,16,29,38,46,5
2015/3/28,12,15,21,23,40,48,8
2015/4/1,4,7,12,16,22,24,41
2015/4/4,2,9,32,33,35,49,4
2015/4/8,2,4,14,16,18,19,25
2015/4/11,5,8,22,23,27,37,11
2015/4/15,11,13,25,34,41,45,4
2015/4/18,11,25,33,35,44,49,43
2015/4/22,4,24,27,35,38,48,44
2015/4/25,7,13,23,25,40,41,48
2015/4/29,10,21,34,37,45,49,43
2015/5/2,2,8,17,23,40,42,25
2015/5/6,13,16,19,24,27,30,48
2015/5/9,1,16,21,22,33,43,7
2015/5/13,3,16,24,40,41,48,20
2015/5/16,1,12,22,25,35,45,9
2015/5/20,2,4,12,17,18,47,14
2015/5/23,8,23,24,31,35,44,49
2015/5/27,23,27,36,41,43,47,35
2015/5/30,4,9,17,27,36,49,21
2015/6/3,26,28,33,35,37,46,47
2015/6/6,8,12,22,35,38,44,27
2015/6/10,26,37,40,43,44,45,3
2015/6/13,5,8,21,31,40,45,19
2015/6/17,6,7,17,18,20,32,4
2015/6/20,10,11,30,33,41,44,20
2015/6/24,9,13,15,18,21,46,25
2015/6/27,7,15,27,31,35,44,2
2015/7/1,21,29,32,40,43,44,19
2015/7/4,20,22,23,24,39,41,26
2015/7/8,3,8,41,43,46,47,49
2015/7/11,9,20,25,27,31,32,3
2015/7/15,11,18,38,40,43,46,26
2015/7/18,2,12,22,28,41,48,5
2015/7/22,6,9,13,26,27,46,15
2015/7/25,16,28,41,43,47,49,21
2015/7/29,1,8,29,31,35,39,23
2015/8/1,1,4,7,9,12,37,27
2015/8/5,8,23,29,34,35,48,36
2015/8/8,21,26,30,31,32,48,18
2015/8/12,20,24,27,28,38,48,2
2015/8/15,5,11,20,26,29,36,49
2015/8/19,8,12,25,38,45,48,39
2015/8/22,14,22,31,37,43,49,15
2015/8/26,5,7,24,45,46,49,44
2015/8/29,13,30,36,40,42,46,22
2015/9/2,14,16,23,28,46,48,10
2015/9/5,10,21,36,37,42,48,43
2015/9/9,15,16,29,30,42,44,37
2015/9/12,9,10,26,29,38,42,33
2015/9/16,1,2,9,12,21,39,44
2015/9/19,12,15,17,21,25,32,14
2015/9/23,7,13,19,35,42,44,46
2015/9/26,6,13,14,24,32,34,12
2015/9/30,1,6,8,13,21,26,3
2015/10/3,1,3,15,27,31,36,33
2015/10/7,4,10,19,31,38,43,5
2015/10/10,8,12,22,27,35,41,16
2015/10/14,23,31,32,34,35,44,10
2015/10/17,4,5,6,22,29,30,20
2015/10/21,8,17,22,33,40,49,27
2015/10/24,1,13,28,34,37,45,32
2015/10/28,8,9,15,26,37,48,12
2015/10/31,3,14,20,28,40,44,48
2015/11/4,2,4,20,35,39,42,28
2015/11/7,2,3,9,17,20,21,11
2015/11/11,8,13,20,24,37,42,22
2015/11/14,5,8,23,39,41,48,26
2015/11/18,3,8,25,27,36,38,32
2015/11/21,7,16,28,29,48,49,9
2015/11/25,1,2,3,4,29,48,21
2015/11/28,4,7,13,15,27,28,30
2015/12/2,5,20,33,34,38,48,21
2015/12/5,10,11,17,24,26,29,12
2015/12/9,4,20,26,37,45,46,6
2015/12/12,2,10,18,20,30,41,38
2015/12/16,7,20,33,36,39,48,21
2015/12/19,4,15,20,23,27,49,25
2015/12/23,5,9,17,31,38,46,10
2015/12/26,12,16,22,29,35,40,8
2015/12/30,17,19,21,30,39,44,16
2016/1/2,10,12,16,20,27,36,25
2016/1/6,2,35,37,39,43,44,20
2016/1/9,5,22,30,33,45,48,29
2016/1/13,6,8,25,39,46,47,28
2016/1/16,9,21,29,34,38,42,13
2016/1/20,7,19,32,39,40,48,45
2016/1/23,21,31,34,37,38,44,9
2016/1/27,4,13,24,36,39,41,47
2016/1/30,4,5,32,37,38,44,34
2016/2/3,20,23,34,38,43,47,15
2016/2/6,7,19,25,26,31,44,35
2016/2/10,8,13,33,34,38,43,12
2016/2/13,2,9,25,27,31,42,18
2016/2/17,7,21,28,32,38,42,5
2016/2/20,4,8,10,30,33,39,25
2016/2/24,14,18,35,38,41,43,15
2016/2/27,4,11,20,23,41,45,22
2016/3/2,20,27,30,32,34,40,9
2016/3/5,7,13,27,33,35,36,5
2016/3/9,3,5,11,16,21,45,29
2016/3/12,6,27,30,34,35,42,16
2016/3/16,1,3,7,16,17,37,35
2016/3/19,1,10,11,12,19,27,29
2016/3/23,4,6,13,28,29,36,9
2016/3/26,9,11,20,22,37,46,47
2016/3/30,14,27,28,30,45,46,44
2016/4/2,2,15,21,40,41,44,23
2016/4/6,1,3,5,8,13,31,21
2016/4/9,12,29,34,44,47,49,37
2016/4/13,10,14,23,41,42,47,19
2016/4/16,9,12,21,37,38,43,31
2016/4/20,1,2,7,9,18,27,5
2016/4/23,14,29,37,41,48,49,31
2016/4/27,3,18,28,29,37,43,47
2016/4/30,1,7,18,28,30,34,48
2016/5/4,4,16,19,22,36,40,21
2016/5/7,6,8,25,31,32,33,1
2016/5/11,4,23,25,36,47,48,3
2016/5/14,8,21,24,33,41,46,29
2016/5/18,4,11,21,25,44,47,3
2016/5/21,6,10,37,39,42,48,28
2016/5/25,4,17,18,24,29,39,21
2016/5/28,18,29,31,36,43,47,23
2016/6/1,2,10,14,23,26,31,12
2016/6/4,3,4,6,10,18,26,14
2016/6/8,6,23,34,35,38,44,21
2016/6/11,9,28,36,37,40,46,47
2016/6/15,7,16,22,27,35,49,11
2016/6/18,7,8,22,32,40,45,25
2016/6/22,5,15,17,18,37,42,44
2016/6/25,4,5,6,8,39,42,30
2016/6/29,8,11,20,24,41,42,47
2016/7/2,1,16,28,33,39,45,13
2016/7/6,7,12,22,35,39,43,13
2016/7/9,23,28,30,32,42,44,24
2016/7/13,2,7,25,30,34,36,6
2016/7/16,15,25,26,33,38,47,27
2016/7/20,14,15,16,43,44,46,38
2016/7/23,7,18,34,41,48,49,29
2016/7/27,6,7,9,39,47,49,15
2016/7/30,4,5,9,19,22,23,16
2016/8/3,23,30,38,40,43,45,10
2016/8/6,2,7,22,26,32,38,20
2016/8/10,6,25,26,29,37,43,41
2016/8/13,3,4,15,17,38,47,36
2016/8/17,2,12,19,38,41,47,46
2016/8/20,11,20,26,32,39,43,49
2016/8/24,4,17,22,30,36,38,3
2016/8/27,3,14,16,33,47,48,29
2016/8/31,8,10,17,36,39,44,40
2016/9/3,1,15,17,20,23,43,44
2016/9/7,4,8,30,31,35,43,42
2016/9/10,6,13,22,39,40,41,27
2016/9/14,3,5,17,18,35,46,10
2016/9/17,14,16,25,39,45,47,26
2016/9/21,6,21,33,36,39,46,24
2016/9/24,2,5,17,23,33,47,9
2016/9/28,8,11,14,19,42,49,24
2016/10/1,7,18,22,31,38,39,2
2016/10/5,1,3,31,32,39,49,48
2016/10/8,3,27,33,38,42,48,32
2016/10/12,8,28,31,40,42,47,37
2016/10/15,8,29,30,37,41,44,6
2016/10/19,4,21,28,33,38,41,23
2016/10/22,13,24,29,31,33,47,43
2016/10/26,15,17,24,27,42,47,39
2016/10/29,21,25,26,29,36,45,38
2016/11/2,4,7,9,21,25,42,49
2016/11/5,11,17,26,27,37,48,31
2016/11/9,6,9,30,37,43,49,18
2016/11/12,2,4,6,22,25,42,44
2016/11/16,3,5,6,9,33,47,19
2016/11/19,9,11,21,26,28,45,49
2016/11/23,6,12,13,21,31,42,22
2016/11/26,13,14,31,39,42,45,44
2016/11/30,15,16,20,24,26,31,37
2016/12/3,3,4,7,19,30,48,21
2016/12/7,6,7,12,32,34,46,33
2016/12/10,3,37,40,41,47,49,6
2016/12/14,20,22,40,41,42,47,15
2016/12/17,9,16,26,27,32,34,37
2016/12/21,16,27,30,38,47,49,8
2016/12/24,15,20,23,27,39,48,34
2016/12/28,1,5,10,15,40,41,27
2016/12/31,3,5,14,18,26,28,40
2017/1/4,2,11,13,23,35,48,30
2017/1/7,1,10,18,19,23,27,48
2017/1/11,24,34,36,38,42,43,30
2017/1/14,1,6,19,30,32,44,33
2017/1/18,10,17,20,24,33,35,28
2017/1/21,8,22,23,36,40,42,5
2017/1/25,2,14,19,28,42,44,34
2017/1/28,9,10,23,28,41,47,17
2017/2/1,5,9,11,36,42,43,41
2017/2/4,2,8,9,13,41,44,27
2017/2/8,3,4,8,12,13,46,26
2017/2/11,10,11,21,28,38,44,17
2017/2/15,1,16,17,24,41,46,22
2017/2/18,11,13,14,20,43,49,25
2017/2/22,9,21,25,26,31,41,11
2017/2/25,21,23,31,33,38,42,22
2017/3/1,6,14,17,18,31,43,38
2017/3/4,5,16,24,31,38,47,42
2017/3/8,10,17,24,28,35,36,40
2017/3/11,6,10,11,23,42,47,44
2017/3/15,16,17,21,34,37,46,3
2017/3/18,6,16,29,33,41,48,23
2017/3/22,2,3,5,27,40,46,28
2017/3/25,5,9,14,24,30,35,21
2017/3/29,3,12,16,17,22,30,48
2017/4/1,27,40,41,42,45,46,20
2017/4/5,3,10,19,30,44,48,40
2017/4/8,4,9,10,15,38,39,49
2017/4/12,7,19,37,38,41,42,11
2017/4/15,11,19,22,23,41,46,5
2017/4/19,4,11,21,24,44,49,41
2017/4/22,4,7,15,16,43,48,26
2017/4/26,9,10,11,13,45,49,24
2017/4/29,10,23,26,40,45,46,12
2017/5/3,1,5,7,16,28,46,30
2017/5/6,6,7,9,11,34,38,8
2017/5/10,6,7,8,21,27,38,23
2017/5/13,18,19,22,26,30,47,43
2017/5/17,9,17,36,38,41,45,39
2017/5/20,5,8,10,20,33,34,45
2017/5/24,3,5,9,22,37,46,10
2017/5/27,7,15,25,26,27,36,12
2017/5/31,1,3,8,9,12,40,2
2017/6/3,7,12,32,36,40,44,45
2017/6/7,16,19,23,30,33,40,46
2017/6/10,3,4,21,31,33,48,26
2017/6/14,17,24,26,27,35,49,33
2017/6/17,5,6,18,21,36,44,32
2017/6/21,2,12,34,39,41,45,21
2017/6/24,3,11,16,40,43,46,36
2017/6/28,8,21,25,34,46,48,4
2017/7/1,15,16,22,33,37,41,27
2017/7/5,4,9,33,36,47,49,10
2017/7/8,20,25,26,32,34,36,9
2017/7/12,12,13,30,41,45,49,16
2017/7/15,10,12,27,29,34,48,39
2017/7/19,2,5,10,11,27,39,48
2017/7/22,5,8,17,32,38,45,18
2017/7/26,1,2,18,26,36,44,49
2017/7/29,12,15,17,31,47,49,26
2017/8/2,13,16,24,25,38,43,48
2017/8/5,18,21,36,41,45,47,17
2017/8/9,16,23,28,38,41,43,19
2017/8/12,5,8,13,25,33,45,38
2017/8/16,25,29,30,31,33,47,34
2017/8/19,2,13,27,45,48,49,19
2017/8/23,9,15,24,33,40,46,38
2017/8/26,5,7,32,38,40,46,47
2017/8/30,21,23,31,33,36,38,9
2017/9/2,9,19,26,27,42,46,21
2017/9/6,9,15,18,21,24,28,14
2017/9/9,5,9,18,29,39,47,35
2017/9/13,18,22,24,28,29,33,7
2017/9/16,9,17,19,26,37,47,13
2017/9/20,6,17,29,37,45,47,39
2017/9/23,4,11,15,20,35,47,25
2017/9/27,2,16,19,20,23,34,9
2017/9/30,6,27,33,38,40,47,16
2017/10/4,4,6,10,11,20,35,43
2017/10/7,8,22,28,40,46,49,9
2017/10/11,18,24,32,36,37,44,9
2017/10/14,16,22,28,29,32,34,43
2017/10/18,11,25,33,35,40,42,15
2017/10/21,3,24,26,30,34,49,47
2017/10/25,6,31,37,40,41,42,44
2017/10/28,8,15,25,30,31,32,1
2017/11/1,1,23,29,32,45,49,16
2017/11/4,1,3,6,21,22,33,19
2017/11/8,22,24,25,32,39,42,45
2017/11/11,15,21,24,31,37,42,32
2017/11/15,18,25,29,30,36,48,47
2017/11/18,9,16,18,22,23,40,13
2017/11/22,26,28,31,36,38,45,18
2017/11/25,16,17,21,31,39,49,29
2017/11/29,11,18,27,33,37,43,20
2017/12/2,10,12,29,33,47,48,24
2017/12/6,6,9,16,19,21,28,35
2017/12/9,8,10,11,14,19,33,30
2017/12/13,12,29,30,40,45,48,27
2017/12/16,2,13,24,26,31,41,40
2017/12/20,3,4,28,30,34,41,31
2017/12/23,8,11,22,29,39,40,30
2017/12/27,4,7,10,14,27,31,1
2017/12/30,8,12,23,25,45,47,43
2018/1/3,3,13,20,35,37,39,14
2018/1/6,12,25,36,39,42,45,29
2018/1/10,9,10,19,23,28,49,15
2018/1/13,21,26,32,40,42,44,12
2018/1/17,6,24,34,39,43,44,8
2018/1/20,6,10,14,27,30,40,5
2018/1/24,9,20,21,28,34,35,33
2018/1/27,7,8,13,24,28,35,26
2018/1/31,1,7,27,31,34,39,3
2018/2/3,10,13,16,23,36,44,42
2018/2/7,3,8,11,18,28,45,6
2018/2/10,18,20,21,22,30,33,26
2018/2/14,8,15,17,22,30,43,13
2018/2/17,18,29,31,36,47,48,17
2018/2/21,10,11,24,25,30,49,47
2018/2/24,3,13,19,26,33,44,5
2018/2/28,3,14,36,38,40,48,23
2018/3/3,12,17,25,30,32,39,47
2018/3/7,6,30,33,38,45,46,40
2018/3/10,2,10,28,43,44,48,39
2018/3/14,1,9,10,19,33,43,21
2018/3/17,16,17,35,43,44,46,49
2018/3/21,1,5,9,12,39,41,28
2018/3/24,9,11,28,30,45,49,5
2018/3/28,11,12,19,24,28,46,39
2018/3/31,3,7,22,26,43,47,48
2018/4/4,6,8,9,13,34,40,4
2018/4/7,18,22,36,40,47,49,32
2018/4/11,3,7,10,32,41,43,33
2018/4/14,1,11,19,36,48,49,9
2018/4/18,12,17,19,22,27,39,38
2018/4/21,12,19,20,30,41,49,9
2018/4/25,10,14,15,16,40,46,6
2018/4/28,24,31,33,34,44,46,10
2018/5/2,4,7,28,36,37,49,21
2018/5/5,4,18,24,26,33,48,34
2018/5/9,15,17,21,24,36,37,32
2018/5/12,6,17,21,34,37,44,13
2018/5/16,19,21,28,30,39,46,7
2018/5/19,14,15,28,34,38,44,30
2018/5/23,4,9,15,20,42,44,31
2018/5/26,12,13,16,23,39,44,2
2018/5/30,9,14,17,21,38,39,22
2018/6/2,2,26,32,40,45,49,29
2018/6/6,10,15,23,38,40,41,35
2018/6/9,19,25,31,36,46,47,26
2018/6/13,6,22,24,31,32,34,16
2018/6/16,2,15,21,31,38,49,8
2018/6/20,14,24,31,35,37,48,17
2018/6/23,8,11,31,36,41,45,40
2018/6/27,4,6,10,13,14,28,47
2018/6/30,2,3,7,11,16,20,17
2018/7/4,6,25,37,44,47,49,26
2018/7/7,1,3,25,40,44,47,2
2018/7/11,1,9,11,38,45,48,25
2018/7/14,8,10,12,17,22,37,29
2018/7/18,3,14,16,19,44,48,1
2018/7/21,2,9,22,26,27,30,41
2018/7/25,2,7,15,31,33,42,20
2018/7/28,5,11,17,20,28,45,7
2018/8/1,13,19,22,29,36,42,35
2018/8/4,3,9,11,21,24,45,43
2018/8/8,9,18,21,22,29,37,17
2018/8/11,2,9,16,27,38,41,34
2018/8/15,2,17,25,27,37,42,29
2018/8/18,6,8,9,11,18,48,13
2018/8/22,3,4,19,30,37,40,10
2018/8/25,3,6,12,24,43,49,46
2018/8/29,7,8,14,23,35,40,39
2018/9/1,8,12,15,34,37,44,45
2018/9/5,4,6,15,32,36,47,48
2018/9/8,8,10,31,41,46,47,45
2018/9/12,14,21,27,32,35,43,41
2018/9/15,3,4,18,24,32,36,19
2018/9/19,3,9,15,17,23,45,18
2018/9/22,19,34,36,39,40,49,2
2018/9/26,5,7,9,35,42,45,31
2018/9/29,1,6,7,10,31,49,39
2018/10/3,15,32,38,40,44,45,2
2018/10/6,20,23,24,33,37,48,22
2018/10/10,3,15,16,20,22,23,24
2018/10/13,25,27,31,41,44,45,16
2018/10/17,10,32,37,45,46,47,6
2018/10/20,4,12,16,25,30,31,8
2018/10/24,4,11,19,23,24,34,20
2018/10/27,10,18,21,29,35,37,24
2018/10/31,4,9,11,15,25,27,5
2018/11/3,7,8,24,32,42,48,45
2018/11/7,2,10,13,16,31,43,8
2018/11/10,6,9,16,20,31,41,49
2018/11/14,5,10,20,23,35,42,44
2018/11/17,5,17,18,34,44,45,27
2018/11/21,2,10,13,25,40,42,38
2018/11/24,9,10,23,37,45,49,18
2018/11/28,3,17,21,29,47,49,7
2018/12/1,10,14,16,27,33,47,30
2018/12/5,11,13,18,23,26,46,12
2018/12/8,4,13,25,33,41,49,1
2018/12/12,10,13,23,27,31,42,17
2018/12/15,11,12,22,36,46,47,7
2018/12/19,1,9,31,32,34,45,5
2018/12/22,11,16,17,22,25,33,40
2018/12/26,2,14,27,36,38,48,40
2018/12/29,11,16,17,22,29,47,32
2019/1/2,13,18,19,36,37,43,49
2019/1/5,4,10,38,40,45,48,43
2019/1/9,1,10,27,38,44,47,41
2019/1/12,10,13,21,30,46,48,23
2019/1/16,4,10,11,34,46,48,23
2019/1/19,2,13,32,39,44,49,10
2019/1/23,3,19,20,26,31,38,6
2019/1/26,3,7,10,12,14,25,36
2019/1/30,3,7,27,37,43,48,45
2019/2/2,14,16,25,29,30,48,12
2019/2/6,1,16,27,28,36,39,9
2019/2/9,1,24,35,41,42,49,18
2019/2/13,5,19,24,29,36,41,9
2019/2/16,3,9,10,20,21,35,31
2019/2/20,21,22,23,30,33,43,42
2019/2/23,5,6,10,43,46,47,27
2019/2/27,4,13,22,25,29,39,6
2019/3/2,4,14,21,29,41,49,35
2019/3/6,1,3,18,19,22,37,30
2019/3/9,22,23,26,34,42,46,3
2019/3/13,4,13,18,21,26,31,33
2019/3/16,9,12,15,20,25,45,16
2019/3/20,2,8,17,21,22,26,5
2019/3/23,3,6,20,22,23,24,19
2019/3/27,16,19,22,28,34,48,49
2019/3/30,7,14,18,26,31,32,3
2019/4/3,12,17,29,35,40,47,23
2019/4/6,6,19,30,37,38,49,34
2019/4/10,10,16,23,38,39,48,33
2019/4/13,4,5,15,23,38,45,12
2019/4/17,10,11,20,26,38,43,3
2019/4/20,11,15,32,34,44,47,3
2019/4/24,6,10,16,17,41,43,18
2019/4/27,5,6,11,16,19,27,24
2019/5/1,23,27,28,34,38,43,48
2019/5/4,3,4,12,21,41,49,5
2019/5/8,18,19,22,30,41,48,47
2019/5/11,3,12,26,27,34,46,29
2019/5/15,5,6,32,40,42,47,17
2019/5/18,7,8,13,27,28,34,2
2019/5/22,13,19,22,25,32,35,48
2019/5/25,12,19,22,25,45,49,28
2019/5/29,4,5,15,38,41,42,36
2019/6/1,16,29,34,35,47,49,10
2019/6/5,6,21,35,46,48,49,14
2019/6/8,9,12,15,20,24,43,36
2019/6/12,22,23,31,38,47,48,10
2019/6/15,10,19,24,30,35,49,32
2019/6/19,21,31,41,45,46,47,39
2019/6/22,15,16,34,35,38,44,43
2019/6/26,4,10,17,24,26,33,2
2019/6/29,2,5,19,21,29,46,15
2019/7/3,13,21,26,30,38,39,19
2019/7/6,10,28,38,39,40,43,45
2019/7/10,7,15,22,28,43,49,45
2019/7/13,5,11,12,33,37,45,2
2019/7/17,21,24,33,36,41,42,3
2019/7/20,4,21,30,41,44,46,5
2019/7/24,2,8,10,18,37,48,29
2019/7/27,1,3,5,34,38,43,49
2019/7/31,2,11,19,35,39,48,17
2019/8/3,4,14,17,22,26,46,47
2019/8/7,5,8,9,19,28,31,18
2019/8/10,2,3,20,33,48,49,32
2019/8/14,9,14,18,31,32,41,38
2019/8/17,4,31,34,39,41,48,43
2019/8/21,2,17,24,25,40,43,16
2019/8/24,3,7,8,14,20,24,31
2019/8/28,1,10,18,39,43,47,26
2019/8/31,2,21,22,24,48,49,23
2019/9/4,1,4,5,17,21,29,46
2019/9/7,25,28,37,38,42,48,34
2019/9/11,2,4,27,36,45,49,41
2019/9/14,6,13,28,29,35,43,25
2019/9/18,3,10,15,23,45,47,9
2019/9/21,1,2,4,32,38,39,21
2019/9/25,16,25,28,29,39,47,17
2019/9/28,1,4,5,7,21,40,41
2019/10/2,20,28,29,41,45,46,27
2019/10/5,14,15,35,38,42,46,12
2019/10/9,5,14,18,33,40,44,16
2019/10/12,13,16,25,32,33,41,2
2019/10/16,2,4,9,24,44,45,18
2019/10/19,2,16,28,47,48,49,35
2019/10/23,11,13,24,28,40,46,44
2019/10/26,4,12,15,26,43,44,2
2019/10/30,23,30,33,34,41,45,31
2019/11/2,8,16,19,20,39,43,28
2019/11/6,6,8,13,14,35,40,26
2019/11/9,12,31,36,37,46,49,43
2019/11/13,1,19,31,44,46,49,3
2019/11/16,2,3,4,11,27,47,17
2019/11/20,4,20,29,30,36,45,22
2019/11/23,16,19,24,29,31,36,8
2019/11/27,13,15,16,20,39,42,27
2019/11/30,1,8,18,24,30,45,13
2019/12/4,2,3,4,10,21,43,19
2019/12/7,18,32,36,37,38,45,13
2019/12/11,7,17,21,34,47,48,27
2019/12/14,9,12,17,23,41,44,3
2019/12/18,18,22,25,36,38,44,8
2019/12/21,16,18,19,45,47,48,21
2019/12/25,17,24,28,33,36,45,48
2019/12/28,2,4,12,18,29,41,30
2020/1/1,11,23,30,35,39,43,34
2020/1/4,23,24,36,42,45,46,21
2020/1/8,2,5,19,44,48,49,24
2020/1/11,2,3,7,18,24,26,6
2020/1/15,1,17,23,25,26,34,24
2020/1/18,2,5,10,18,26,30,36
2020/1/22,2,10,27,30,39,43,21
2020/1/25,8,20,21,30,32,48,31
2020/1/29,3,14,16,23,41,43,29
2020/2/1,13,21,35,40,45,48,47
2020/2/5,1,3,6,24,29,45,48
2020/2/8,8,28,30,39,41,43,45
2020/2/12,16,20,24,33,36,47,4
2020/2/15,7,8,11,23,27,30,3
2020/2/19,5,6,13,23,44,49,40
2020/2/22,2,7,26,33,46,48,25
2020/2/26,8,25,34,35,36,38,5
2020/2/29,6,12,15,18,31,46,13
2020/3/4,6,8,15,24,38,41,31
2020/3/7,5,8,13,27,34,46,39
2020/3/11,5,24,32,37,43,44,23
2020/3/14,1,2,23,27,31,32,43
2020/3/18,7,8,9,12,14,36,28
2020/3/21,6,11,22,36,37,45,10
2020/3/25,3,19,31,38,45,47,48
2020/3/28,2,7,21,30,33,46,27
2020/4/1,4,6,10,13,25,49,41
2020/4/4,19,29,34,35,44,45,10
2020/4/8,9,13,21,23,30,32,15
2020/4/11,10,14,17,32,35,42,26
2020/4/15,1,3,7,13,22,47,30
2020/4/18,1,10,23,32,46,48,36
2020/4/22,9,10,11,14,15,28,36
2020/4/25,6,10,11,22,32,48,17
2020/4/29,6,17,21,30,40,41,27
2020/5/2,15,18,26,34,43,45,42
2020/5/6,6,29,34,36,45,49,3
2020/5/9,13,14,15,35,45,47,9
2020/5/13,3,10,21,35,38,48,28
2020/5/16,1,6,7,14,26,48,49
2020/5/20,8,23,25,34,37,47,4
2020/5/23,4,25,27,28,35,44,9
2020/5/27,7,17,18,22,28,34,1
2020/5/30,11,17,27,28,30,43,35
2020/6/3,2,15,20,22,29,39,13
2020/6/6,6,22,38,45,48,49,2
2020/6/10,3,13,25,33,34,45,14
2020/6/13,3,31,34,38,45,48,12
2020/6/17,5,10,18,29,32,48,6
2020/6/20,14,22,29,36,48,49,19
2020/6/24,6,16,23,39,47,48,33
2020/6/27,1,13,14,24,36,44,7
2020/7/1,1,12,27,30,34,49,35
2020/7/4,15,20,27,34,38,42,47
2020/7/8,11,26,28,35,37,47,8
2020/7/11,16,22,31,36,43,44,46
2020/7/15,5,7,17,22,43,44,14
2020/7/18,5,23,37,40,44,45,47
2020/7/22,5,14,19,42,46,47,8
2020/7/25,6,21,34,44,45,48,33
2020/7/29,1,11,17,19,22,45,14
2020/8/1,12,13,17,22,39,40,25
2020/8/5,3,14,23,30,38,43,24
2020/8/8,1,20,21,23,40,46,28
2020/8/12,16,24,27,43,48,49,39
2020/8/15,6,7,11,18,22,43,9
2020/8/19,2,17,32,37,39,42,9
2020/8/22,19,25,34,36,40,43,32
2020/8/26,6,8,20,23,35,39,11
2020/8/29,3,13,21,24,29,40,35
2020/9/2,1,5,15,23,25,31,40
2020/9/5,1,8,10,33,34,38,4
2020/9/9,3,5,9,19,29,37,42
2020/9/12,5,13,19,37,42,45,40
2020/9/16,6,12,23,29,44,46,39
2020/9/19,5,15,31,35,42,46,17
2020/9/23,11,17,28,29,36,39,15
2020/9/26,8,27,29,33,40,49,2
2020/9/30,13,16,20,21,27,48,15
2020/10/3,12,22,24,37,39,43,16
2020/10/7,4,5,12,13,18,19,34
2020/10/10,6,23,24,29,36,38,25
2020/10/14,10,18,20,38,39,44,40
2020/10/17,7,8,9,24,25,34,14
2020/10/21,26,28,32,37,40,47,10
2020/10/24,4,9,17,20,26,31,34
2020/10/28,2,3,16,25,34,46,49
2020/10/31,5,8,18,22,41,48,23
2020/11/4,2,9,13,18,40,46,34
2020/11/7,1,16,19,24,26,47,29
2020/11/11,6,14,18,23,31,47,44
2020/11/14,1,2,13,30,35,38,45
2020/11/18,7,14,21,28,30,32,22
2020/11/21,16,19,21,34,37,47,25
2020/11/25,13,14,31,33,37,46,40
2020/11/28,3,4,16,23,26,44,18
2020/12/2,22,24,28,41,47,49,21
2020/12/5,3,10,13,21,27,45,23
2020/12/9,10,11,14,19,27,39,40
2020/12/12,27,28,29,36,46,48,49
2020/12/16,10,12,20,25,31,34,42
2020/12/19,1,8,10,11,17,35,41
2020/12/23,7,15,24,31,33,34,3
2020/12/26,21,26,28,33,34,42,43
2020/12/30,7,14,30,32,38,45,6
2021/1/2,16,17,20,42,47,49,40
2021/1/6,15,23,30,31,32,42,48
2021/1/9,4,8,18,24,31,32,40
2021/1/13,20,27,28,37,38,39,9
2021/1/16,9,10,21,28,35,43,34
2021/1/20,2,5,18,23,29,47,45
2021/1/23,5,17,21,29,41,43,46
2021/1/27,12,17,23,36,44,49,32
2021/1/30,3,23,26,35,42,44,32
2021/2/3,20,21,26,30,35,41,47
2021/2/6,6,11,12,26,28,38,47
2021/2/10,4,14,22,26,45,48,20
2021/2/13,16,17,27,40,41,45,38
2021/2/17,7,16,18,43,45,48,14
2021/2/20,2,14,15,21,29,46,7
2021/2/24,11,36,37,38,39,45,10
2021/2/27,11,15,16,20,46,49,17
2021/3/3,3,11,33,34,36,43,42
2021/3/6,2,14,18,21,26,48,19
2021/3/10,30,31,35,36,43,48,28
2021/3/13,15,24,27,29,42,49,18
2021/3/17,4,9,13,25,44,49,3
2021/3/20,9,16,25,36,39,43,49
2021/3/24,3,4,27,43,45,48,44
2021/3/27,15,16,17,30,36,40,34
2021/3/31,3,7,8,12,37,40,41
2021/4/3,12,13,19,35,42,47,28
2021/4/7,23,31,34,38,39,41,12
2021/4/10,5,16,19,24,28,34,4
2021/4/14,4,6,12,23,36,47,18
2021/4/17,7,13,32,38,39,48,23
2021/4/21,15,18,23,32,38,47,19
2021/4/24,14,18,27,33,34,39,49
2021/4/28,6,11,20,22,34,49,42
2021/5/1,10,15,21,30,32,38,24
2021/5/5,5,22,23,26,43,46,4
2021/5/8,25,28,36,38,41,49,20
2021/5/12,30,35,39,42,46,48,38
2021/5/15,3,6,12,28,39,46,5
2021/5/19,12,21,25,40,42,49,45
2021/5/22,7,13,14,34,37,45,29
2021/5/26,7,10,20,38,45,49,26
2021/5/29,11,18,19,27,34,46,42
2021/6/2,1,13,22,32,33,39,48
2021/6/5,13,15,22,42,45,46,14
2021/6/9,1,3,15,26,28,39,10
2021/6/12,11,20,22,33,41,49,34
2021/6/16,16,23,32,33,37,45,3
2021/6/19,13,15,17,25,34,45,5
2021/6/23,9,17,20,22,34,40,48
2021/6/26,15,27,36,37,43,49,7
2021/6/30,9,10,13,26,28,30,36
2021/7/3,4,7,10,31,33,38,23
2021/7/7,11,16,21,26,42,45,22
2021/7/10,4,5,18,28,35,42,2
2021/7/14,2,9,19,23,26,30,10
2021/7/17,22,24,28,35,37,45,49
2021/7/21,2,4,15,20,35,45,10
2021/7/24,1,5,7,19,37,45,35
2021/7/28,1,4,10,14,32,39,19
2021/7/31,7,30,37,43,47,49,20
2021/8/4,3,8,21,38,42,49,27
2021/8/7,10,13,15,22,29,46,3
2021/8/11,12,15,25,40,44,45,31
2021/8/14,3,8,11,34,40,47,4
2021/8/18,7,8,28,30,32,42,33
2021/8/21,2,9,15,21,38,46,36
2021/8/25,1,16,34,37,41,48,21
2021/8/28,6,8,9,12,19,26,43
2021/9/1,3,4,14,18,19,42,43
2021/9/4,6,13,18,19,29,49,2
2021/9/8,2,7,10,16,28,36,41
2021/9/11,15,18,31,33,34,41,45
2021/9/15,7,11,14,15,27,41,49
2021/9/18,9,26,29,36,40,41,27
2021/9/22,5,14,19,30,38,40,27
2021/9/25,3,8,10,35,46,48,17
2021/9/29,3,5,38,39,41,48,28
2021/10/2,8,17,18,19,48,49,26
2021/10/6,7,18,19,38,42,46,31
2021/10/9,1,11,19,27,28,38,8
2021/10/13,2,7,8,11,19,27,24
2021/10/16,5,10,11,33,44,47,20
2021/10/20,6,9,34,35,48,49,41
2021/10/23,1,3,9,40,42,44,46
2021/10/27,3,9,14,36,40,46,41
2021/10/30,3,5,7,23,42,46,15
2021/11/3,9,20,27,35,37,43,3
2021/11/6,14,16,28,39,41,47,37
2021/11/10,2,7,18,19,23,25,43
2021/11/13,5,6,7,18,25,37,24
2021/11/17,3,4,18,23,27,28,38
2021/11/20,15,25,26,29,42,43,22
2021/11/24,10,11,18,20,35,48,39
2021/11/27,6,7,14,23,35,41,11
2021/12/1,14,17,27,34,36,42,8
2021/12/4,5,11,15,28,31,47,19
2021/12/8,23,25,26,36,40,49,42
2021/12/11,1,6,26,27,43,46,12
2021/12/15,1,9,12,18,35,48,19
2021/12/18,2,10,15,16,20,49,18
2021/12/22,1,2,3,11,15,43,46
2021/12/25,4,13,21,24,31,45,41
2021/12/29,18,32,42,44,45,48,38
2022/1/1,7,8,15,17,19,33,6
2022/1/5,2,5,8,29,36,45,23
2022/1/8,6,18,23,31,46,48,4
2022/1/12,8,21,26,29,31,46,40
2022/1/15,5,10,35,41,42,44,13
2022/1/19,3,12,19,37,39,45,47
2022/1/22,7,12,27,31,37,44,35
2022/1/26,5,22,25,30,32,46,45
2022/1/29,10,14,25,29,33,44,40
2022/2/2,3,7,9,23,26,32,42
2022/2/5,2,9,12,14,23,24,10
2022/2/9,12,14,19,28,32,36,17
2022/2/12,1,25,26,37,40,43,3
2022/2/16,2,8,30,31,40,44,11
2022/2/19,4,16,30,32,37,44,35
2022/2/23,4,10,28,31,33,43,18
2022/2/26,6,8,12,16,24,35,25
2022/3/2,11,12,39,41,42,49,14
2022/3/5,5,9,10,32,38,40,44
2022/3/9,16,25,31,34,40,42,15
2022/3/12,3,8,20,24,37,47,31
2022/3/16,1,3,8,14,15,16,33
2022/3/19,4,7,26,36,42,47,32
2022/3/23,8,11,12,23,29,36,49
2022/3/26,5,11,21,22,38,45,44
2022/3/30,3,7,15,21,35,40,37
2022/4/2,5,12,15,29,42,44,38
2022/4/6,2,8,9,16,39,49,21
2022/4/9,12,28,34,41,46,49,2
2022/4/13,9,27,31,33,45,49,20
2022/4/16,7,13,26,35,36,38,40
2022/4/20,6,10,13,17,21,37,34
2022/4/23,17,19,27,39,44,49,2
2022/4/27,6,26,29,32,33,41,2
2022/4/30,9,11,14,16,20,43,32
2022/5/4,4,21,22,36,41,43,31
2022/5/7,7,12,21,28,40,46,34
2022/5/11,5,10,12,34,36,48,27
2022/5/14,2,14,21,27,34,49,5
2022/5/18,14,22,24,28,42,48,23
2022/5/21,4,5,26,33,35,44,30
2022/5/25,14,15,22,35,36,47,19
2022/5/28,6,13,15,29,45,48,1
2022/6/1,1,15,16,19,44,48,5
2022/6/4,14,24,32,36,37,48,17
2022/6/8,6,22,32,39,40,46,26
2022/6/11,14,15,22,25,32,44,45
2022/6/15,3,5,9,12,16,29,32
2022/6/18,4,6,20,21,24,44,5
2022/6/22,7,10,11,18,27,42,25
2022/6/25,9,14,23,36,38,44,19
2022/6/29,6,7,16,26,31,35,13
2022/7/2,1,4,7,33,36,47,2
2022/7/6,25,33,34,35,37,46,30
2022/7/9,8,12,21,33,34,45,23
2022/7/13,13,18,19,21,35,40,29
2022/7/16,8,19,23,34,37,44,21
2022/7/20,1,15,17,25,26,40,39
2022/7/23,6,23,24,26,39,42,21
2022/7/27,6,19,29,42,45,49,21
2022/7/30,9,21,22,27,35,47,31
2022/8/3,10,15,24,27,42,46,36
2022/8/6,10,18,21,31,34,48,9
2022/8/10,8,9,36,38,44,45,29
2022/8/13,5,8,13,35,37,40,3
